id,name,city,iata,region
3411,Barter Island LRRS Airport,Barter Island,BTI,Anchorage
3412,Wainwright Air Station,Fort Wainwright,\N,Anchorage
3413,Cape Lisburne LRRS Airport,Cape Lisburne,LUR,Anchorage
3414,Point Lay LRRS Airport,Point Lay,PIZ,Anchorage
3415,Hilo International Airport,Hilo,ITO,Pacific/Honolulu
3416,Orlando Executive Airport,Orlando,ORL,New York
3417,Bettles Airport,Bettles,BTT,Anchorage
3418,Clear Airport,Clear Mews,\N,Anchorage
3419,Indian Mountain LRRS Airport,Indian Mountains,UTO,Anchorage
3420,Fort Yukon Airport,Fort Yukon,FYU,Anchorage
3421,Sparrevohn LRRS Airport,Sparrevohn,SVW,Anchorage
3422,Bryant Army Heliport,Fort Richardson,FRN,Anchorage
3423,Tatalina LRRS Airport,Tatalina,TLJ,Anchorage
3424,Cape Romanzof LRRS Airport,Cape Romanzof,CZF,Anchorage
3425,Laurence G Hanscom Field,Bedford,BED,New York
3426,St Paul Island Airport,St. Paul Island,SNP,Anchorage
3427,Cape Newenham LRRS Airport,Cape Newenham,EHM,Anchorage
3428,St George Airport,Point Barrow,STG,Anchorage
3429,Iliamna Airport,Iliamna,ILI,Anchorage
3430,Platinum Airport,Port Moller,PTU,Anchorage
3431,Big Mountain Airport,Big Mountain,BMX,Anchorage
3432,Oscoda Wurtsmith Airport,Oscoda,OSC,New York
3433,Marina Municipal Airport,Fort Ord,OAR,Los Angeles
3434,Sacramento Mather Airport,Sacramento,MHR,Los Angeles
3435,Bicycle Lake Army Air Field,Fort Irwin,BYS,Los Angeles
3436,Twentynine Palms (Self) Airport,Twenty Nine Palms,\N,Los Angeles
3437,Fort Smith Regional Airport,Fort Smith,FSM,Chicago
3438,Merrill Field,Anchorage,MRI,Anchorage
3439,Grants-Milan Municipal Airport,Grants,GNT,Denver
3440,Ponca City Regional Airport,Ponca City,PNC,Chicago
3441,Hunter Army Air Field,Hunter Aaf,SVN,New York
3442,Grand Forks International Airport,Grand Forks,GFK,Chicago
3443,"Pine Bluff Regional Airport, Grider Field",Pine Bluff,PBF,Chicago
3444,Whiting Field Naval Air Station - North,Milton,NSE,Chicago
3445,Hana Airport,Hana,HNM,Pacific/Honolulu
3446,Ernest A. Love Field,Prescott,PRC,Phoenix
3447,Trenton Mercer Airport,Trenton,TTN,New York
3448,General Edward Lawrence Logan International Airport,Boston,BOS,New York
3449,Travis Air Force Base,Fairfield,SUU,Los Angeles
3450,Griffiss International Airport,Rome,RME,New York
3451,Wendover Airport,Wendover,ENV,Denver
3452,Mobile Downtown Airport,Mobile,BFM,Chicago
3453,Metropolitan Oakland International Airport,Oakland,OAK,Los Angeles
3454,Eppley Airfield,Omaha,OMA,Chicago
3455,Port Angeles Cgas Airport,Port Angeles,\N,Los Angeles
3456,Kahului Airport,Kahului,OGG,Pacific/Honolulu
3457,Wichita Eisenhower National Airport,Wichita,ICT,Chicago
3458,Kansas City International Airport,Kansas City,MCI,Chicago
3459,Dane County Regional Truax Field,Madison,MSN,Chicago
3460,Dillingham Airport,Dillingham,DLG,Anchorage
3461,Boone County Airport,Harrison,HRO,Chicago
3462,Phoenix Sky Harbor International Airport,Phoenix,PHX,Phoenix
3463,Bangor International Airport,Bangor,BGR,New York
3464,Fort Lauderdale Executive Airport,Fort Lauderdale,FXE,New York
3465,East Texas Regional Airport,Longview,GGG,Chicago
3466,Anderson Regional Airport,Andersen,AND,New York
3467,Spokane International Airport,Spokane,GEG,Los Angeles
3468,North Perry Airport,Hollywood,HWO,New York
3469,San Francisco International Airport,San Francisco,SFO,Los Angeles
3470,Cut Bank International Airport,Cutbank,CTB,Denver
3471,Acadiana Regional Airport,Louisiana,ARA,Chicago
3472,Gainesville Regional Airport,Gainesville,GNV,New York
3473,Memphis International Airport,Memphis,MEM,Chicago
3474,Bisbee Douglas International Airport,Douglas,DUG,Phoenix
3475,Allen Army Airfield,Delta Junction,BIG,Anchorage
3476,TSTC Waco Airport,Waco,CNW,Chicago
3477,Annette Island Airport,Annette Island,ANN,Anchorage
3478,Caribou Municipal Airport,Caribou,CAR,New York
3479,Little Rock Air Force Base,Jacksonville,LRF,Chicago
3480,Redstone Army Air Field,Redstone,HUA,Chicago
3481,Pope Field,Fort Bragg,POB,New York
3482,Dalhart Municipal Airport,Dalhart,DHT,Chicago
3483,DLF Airport,Del Rio,DLF,Chicago
3484,Los Angeles International Airport,Los Angeles,LAX,Los Angeles
3485,Anniston Regional Airport,Anniston,ANB,Chicago
3486,Cleveland Hopkins International Airport,Cleveland,CLE,New York
3487,Dover Air Force Base,Dover,DOV,New York
3488,Cincinnati Northern Kentucky International Airport,Cincinnati,CVG,New York
3489,Tipton Airport,Fort Meade,FME,New York
3490,China Lake Naws (Armitage Field) Airport,China Lake,\N,Los Angeles
3491,Huron Regional Airport,Huron,HON,Chicago
3492,Juneau International Airport,Juneau,JNU,Anchorage
3493,Lafayette Regional Airport,Lafayette,LFT,Chicago
3494,Newark Liberty International Airport,Newark,EWR,New York
3495,Boise Air Terminal/Gowen Field,Boise,BOI,Denver
3496,Creech Air Force Base,Indian Springs,INS,Los Angeles
3497,Garden City Regional Airport,Garden City,GCK,Chicago
3498,Minot International Airport,Minot,MOT,Chicago
3499,Wheeler Army Airfield,Wahiawa,HHI,Pacific/Honolulu
3500,Maxwell Air Force Base,Montgomery,MXF,Chicago
3501,Robinson Army Air Field,Robinson,\N,Chicago
3502,Dallas Love Field,Dallas,DAL,Chicago
3503,Butts AAF (Fort Carson) Air Field,Fort Carson,FCS,Denver
3504,Helena Regional Airport,Helena,HLN,Denver
3505,Miramar Marine Corps Air Station - Mitscher Field,Miramar,NKX,Los Angeles
3506,Luke Air Force Base,Phoenix,LUF,Phoenix
3507,Hurlburt Field,Mary Esther,\N,Chicago
3508,Jack Northrop Field Hawthorne Municipal Airport,Hawthorne,HHR,Los Angeles
3509,Houlton International Airport,Houlton,HUL,New York
3510,Vance Air Force Base,Enid,END,Chicago
3511,Point Mugu Naval Air Station (Naval Base Ventura Co),Point Mugu,NTD,Los Angeles
3512,Edwards Air Force Base,Edwards Afb,EDW,Los Angeles
3513,Lake Charles Regional Airport,Lake Charles,LCH,Chicago
3514,Ellison Onizuka Kona International At Keahole Airport,Kona,KOA,Pacific/Honolulu
3515,Myrtle Beach International Airport,Myrtle Beach,MYR,New York
3516,Lemoore Naval Air Station (Reeves Field) Airport,Lemoore,NLC,Los Angeles
3517,Nantucket Memorial Airport,Nantucket,ACK,New York
3518,Felker Army Air Field,Fort Eustis,FAF,New York
3519,Campbell AAF (Fort Campbell) Air Field,Hopkinsville,HOP,Chicago
3520,Ronald Reagan Washington National Airport,Washington,DCA,New York
3521,Patuxent River Naval Air Station (Trapnell Field),Patuxent River,NHK,New York
3522,Palacios Municipal Airport,Palacios,PSX,Chicago
3523,Arkansas International Airport,Blytheville,BYH,Chicago
3524,Atlantic City International Airport,Atlantic City,ACY,New York
3525,Tinker Air Force Base,Oklahoma City,TIK,Chicago
3526,Elizabeth City Regional Airport & Coast Guard Air Station,Elizabeth City,ECG,New York
3527,Pueblo Memorial Airport,Pueblo,PUB,Denver
3528,Northern Maine Regional Airport at Presque Isle,Presque Isle,PQI,New York
3530,Gray Army Air Field,Fort Lewis,GRF,Los Angeles
3531,Kodiak Airport,Kodiak,ADQ,Anchorage
3532,Upolu Airport,Opolu,UPP,Pacific/Honolulu
3533,Fort Lauderdale Hollywood International Airport,Fort Lauderdale,FLL,New York
3534,Muskogee-Davis Regional Airport,Muskogee,\N,Chicago
3535,Falls International Airport,International Falls,INL,Chicago
3536,Salt Lake City International Airport,Salt Lake City,SLC,Denver
3537,Childress Municipal Airport,Childress,CDS,Chicago
3538,Keesler Air Force Base,Biloxi,BIX,Chicago
3539,Lawson Army Air Field (Fort Benning),Fort Benning,LSF,New York
3540,Kingsville Naval Air Station,Kingsville,NQI,Chicago
3541,Marshall Army Air Field,Fort Riley,FRI,Chicago
3542,Harrisburg International Airport,Harrisburg,MDT,New York
3543,Lincoln Airport,Lincoln,LNK,Chicago
3544,Capital City Airport,Lansing,LAN,New York
3545,Waimea Kohala Airport,Kamuela,MUE,Pacific/Honolulu
3546,Massena International Richards Field,Massena,MSS,New York
3547,Hickory Regional Airport,Hickory,HKY,New York
3548,Albert Whitted Airport,St. Petersburg,SPG,New York
3549,Page Field,Fort Myers,FMY,New York
3550,George Bush Intercontinental Houston Airport,Houston,IAH,Chicago
3551,Millinocket Municipal Airport,Millinocket,\N,New York
3552,Joint Base Andrews,Camp Springs,ADW,New York
3553,Smith Reynolds Airport,Winston-salem,INT,New York
3554,Southern California Logistics Airport,Victorville,VCV,Los Angeles
3555,Bob Sikes Airport,Crestview,CEW,Chicago
3556,Wheeler Sack Army Air Field,Fort Drum,\N,New York
3557,St Clair County International Airport,Port Huron,PHN,New York
3558,Meadows Field,Bakersfield,BFL,Los Angeles
3559,El Paso International Airport,El Paso,ELP,Denver
3560,Valley International Airport,Harlingen,HRL,Chicago
3561,Columbia Metropolitan Airport,Columbia,CAE,New York
3562,Davis Monthan Air Force Base,Tucson,DMA,Phoenix
3563,Pensacola Naval Air Station/Forrest Sherman Field,Pensacola,NPA,Chicago
3564,Pensacola Regional Airport,Pensacola,PNS,Chicago
3565,Grand Forks Air Force Base,Red River,RDR,Chicago
3566,William P Hobby Airport,Houston,HOU,Chicago
3567,Buckley Air Force Base,Buckley,BFK,Denver
3568,Northway Airport,Northway,ORT,Anchorage
3569,"Warren ""Bud"" Woods Palmer Municipal Airport",Palmer,PAQ,Anchorage
3570,Pittsburgh International Airport,Pittsburgh,PIT,New York
3571,Wiley Post Will Rogers Memorial Airport,Barrow,BRW,Anchorage
3572,Ellington Airport,Houston,EFD,Chicago
3573,Whidbey Island Naval Air Station (Ault Field),Whidbey Island,NUW,Los Angeles
3574,Alice International Airport,Alice,ALI,Chicago
3575,Moody Air Force Base,Valdosta,VAD,New York
3576,Miami International Airport,Miami,MIA,New York
3577,Seattle Tacoma International Airport,Seattle,SEA,Los Angeles
3578,Lovell Field,Chattanooga,CHA,New York
3579,Igor I Sikorsky Memorial Airport,Stratford,BDR,New York
3580,Jackson-Medgar Wiley Evers International Airport,Jackson,JAN,Chicago
3581,Scholes International At Galveston Airport,Galveston,GLS,Chicago
3582,Long Beach /Daugherty Field/ Airport,Long Beach,LGB,Los Angeles
3583,Dillingham Airfield,Dillingham,HDH,Pacific/Honolulu
3584,Williamsport Regional Airport,Williamsport,IPT,New York
3585,Indianapolis International Airport,Indianapolis,IND,New York
3586,Whiteman Air Force Base,Knobnoster,SZL,Chicago
3587,Akron Fulton International Airport,Akron,AKC,New York
3588,Greenwood–Leflore Airport,Greenwood,GWO,Chicago
3589,Westchester County Airport,White Plains,HPN,New York
3590,Francis S Gabreski Airport,West Hampton Beach,FOK,New York
3591,Jonesboro Municipal Airport,Jonesboro,JBR,Chicago
3592,Tonopah Test Range Airport,Tonopah,XSD,Los Angeles
3593,Palm Beach County Park Airport,West Palm Beach,LNA,New York
3594,North Island Naval Air Station-Halsey Field,San Diego,NZY,Los Angeles
3595,Biggs Army Air Field (Fort Bliss),El Paso,BIF,Denver
3596,Yuma MCAS/Yuma International Airport,Yuma,YUM,Phoenix
3597,Cavern City Air Terminal,Carlsbad,CNM,Denver
3598,Duluth International Airport,Duluth,DLH,Chicago
3599,Bethel Airport,Bethel,BET,Anchorage
3600,Bowman Field,Louisville,LOU,New York
3601,Sierra Vista Municipal Libby Army Air Field,Fort Huachuca,FHU,Phoenix
3602,Lihue Airport,Lihue,LIH,Pacific/Honolulu
3603,"Terre Haute Regional Airport, Hulman Field",Terre Haute,HUF,New York
3604,Havre City County Airport,Havre,HVR,Denver
3605,Grant County International Airport,Grant County Airport,MWH,Los Angeles
3606,Edward F Knapp State Airport,Montpelier,MPV,New York
3607,San Nicolas Island Nolf Airport,San Nicolas Island,\N,Los Angeles
3608,Richmond International Airport,Richmond,RIC,New York
3609,Shreveport Regional Airport,Shreveport,SHV,Chicago
3610,Merle K (Mudhole) Smith Airport,Cordova,CDV,Anchorage
3611,Norfolk International Airport,Norfolk,ORF,New York
3612,Southeast Texas Regional Airport,Beaumont,BPT,Chicago
3613,Savannah Hilton Head International Airport,Savannah,SAV,New York
3614,Hill Air Force Base,Ogden,HIF,Denver
3615,Nome Airport,Nome,OME,Anchorage
3616,Scappoose Industrial Airpark,San Luis,\N,Los Angeles
3617,St Petersburg Clearwater International Airport,St. Petersburg,PIE,New York
3618,Menominee Regional Airport,Macon,MNM,Chicago
3619,Conroe-North Houston Regional Airport,Conroe,CXO,Chicago
3620,Deadhorse Airport,Deadhorse,SCC,Anchorage
3621,San Antonio International Airport,San Antonio,SAT,Chicago
3622,Greater Rochester International Airport,Rochester,ROC,New York
3623,Patrick Air Force Base,Coco Beach,COF,New York
3624,Teterboro Airport,Teterboro,TEB,New York
3625,Ellsworth Air Force Base,Rapid City,RCA,Denver
3626,Raleigh Durham International Airport,Raleigh-durham,RDU,New York
3627,James M Cox Dayton International Airport,Dayton,DAY,New York
3628,Kenai Municipal Airport,Kenai,ENA,Anchorage
3629,Mc Alester Regional Airport,Mcalester,MLC,Chicago
3630,Niagara Falls International Airport,Niagara Falls,IAG,New York
3631,Coulter Field,Bryan,CFD,Chicago
3632,Wright AAF (Fort Stewart)/Midcoast Regional Airport,Wright,LIY,New York
3633,Newport News Williamsburg International Airport,Newport News,PHF,New York
3634,Esler Regional Airport,Alexandria,ESF,Chicago
3635,Altus Air Force Base,Altus,LTS,Chicago
3636,Tucson International Airport,Tucson,TUS,Phoenix
3637,Minot Air Force Base,Minot,MIB,Chicago
3638,Beale Air Force Base,Marysville,BAB,Los Angeles
3639,Greater Kankakee Airport,Kankakee,IKK,Chicago
3640,Seymour Johnson Air Force Base,Goldsboro,GSB,New York
3641,Theodore Francis Green State Airport,Providence,PVD,New York
3642,Salisbury Ocean City Wicomico Regional Airport,Salisbury,SBY,New York
3643,Rancho Murieta Airport,Rancho Murieta,\N,Los Angeles
3644,Bob Hope Airport,Burbank,BUR,Los Angeles
3645,Detroit Metropolitan Wayne County Airport,Detroit,DTW,New York
3646,Tampa International Airport,Tampa,TPA,New York
3647,Pembina Municipal Airport,Pembina,PMB,Chicago
3648,Polk Army Air Field,Fort Polk,POE,Chicago
3649,Eielson Air Force Base,Fairbanks,EIL,Anchorage
3650,Range Regional Airport,Hibbing,HIB,Chicago
3651,Angelina County Airport,Lufkin,LFK,Chicago
3652,Midland International Airport,Midland,MAF,Chicago
3653,Austin Straubel International Airport,Green Bay,GRB,Chicago
3654,Ardmore Municipal Airport,Ardmore,ADM,Chicago
3655,Mc Guire Air Force Base,Wrightstown,WRI,New York
3656,Cherry Point MCAS /Cunningham Field/,Cherry Point,\N,New York
3657,Emanuel County Airport,Santa Barbara,\N,New York
3658,Augusta Regional At Bush Field,Bush Field,AGS,New York
3659,Sloulin Field International Airport,Williston,ISN,Chicago
3660,Bill & Hillary Clinton National Airport/Adams Field,Little Rock,LIT,Chicago
3661,Stewart International Airport,Newburgh,SWF,New York
3662,Baudette International Airport,Baudette,BDE,Chicago
3663,Sacramento Executive Airport,Sacramento,SAC,Los Angeles
3664,Homer Airport,Homer,HOM,Anchorage
3665,Waynesville-St. Robert Regional Forney field,Fort Leonardwood,TBN,Chicago
3666,Dobbins Air Reserve Base,Marietta,MGE,New York
3667,Fairchild Air Force Base,Spokane,SKA,Los Angeles
3668,Roscommon County - Blodgett Memorial Airport,Houghton Lake,HTL,New York
3669,Tyndall Air Force Base,Panama City,PAM,Chicago
3670,Dallas Fort Worth International Airport,Dallas-Fort Worth,DFW,Chicago
3671,Melbourne International Airport,Melbourne,MLB,New York
3672,McChord Air Force Base,Tacoma,TCM,Los Angeles
3673,Austin Bergstrom International Airport,Austin,AUS,Chicago
3674,Rickenbacker International Airport,Columbus,LCK,New York
3675,Sawyer International Airport,Gwinn,MQT,New York
3676,McGhee Tyson Airport,Knoxville,TYS,New York
3677,Hood Army Air Field,Fort Hood,HLR,Chicago
3678,St Louis Lambert International Airport,St. Louis,STL,Chicago
3679,Millville Municipal Airport,Millville,MIV,New York
3680,Sheppard Air Force Base-Wichita Falls Municipal Airport,Wichita Falls,SPS,Chicago
3681,Cincinnati Municipal Airport Lunken Field,Cincinnati,LUK,New York
3682,Hartsfield Jackson Atlanta International Airport,Atlanta,ATL,New York
3683,Castle Airport,Merced,MER,Los Angeles
3684,Mc Clellan Airfield,Sacramento,MCC,Los Angeles
3685,Gerald R. Ford International Airport,Grand Rapids,GRR,New York
3686,Winkler County Airport,Wink,INK,Chicago
3687,Fresno Yosemite International Airport,Fresno,FAT,Los Angeles
3688,Vero Beach Regional Airport,Vero Beach,VRB,New York
3689,Imperial County Airport,Imperial,IPL,Los Angeles
3690,Nashville International Airport,Nashville,BNA,Chicago
3691,Laredo International Airport,Laredo,LRD,Chicago
3692,Elmendorf Air Force Base,Anchorage,EDF,Anchorage
3693,Ralph Wien Memorial Airport,Kotzebue,OTZ,Anchorage
3694,Altoona Blair County Airport,Altoona,AOO,New York
3695,Dyess Air Force Base,Abilene,DYS,Chicago
3696,South Arkansas Regional At Goodwin Field,El Dorado,ELD,Chicago
3697,La Guardia Airport,New York,LGA,New York
3698,Tallahassee Regional Airport,Tallahassee,TLH,New York
3699,Dupage Airport,West Chicago,DPA,Chicago
3700,Waco Regional Airport,Waco,ACT,Chicago
3701,Augusta State Airport,Augusta,AUG,New York
3702,Hillsboro Municipal Airport,Hillsboro,\N,Chicago
3703,Jacksonville Naval Air Station (Towers Field),Jacksonville,NIP,New York
3704,McKellar-Sipes Regional Airport,Jackson,MKL,Chicago
3705,Molokai Airport,Molokai,MKK,Pacific/Honolulu
3706,Godman Army Air Field,Fort Knox,FTK,New York
3707,New River MCAS /H/ /Mccutcheon Fld/ Airport,Jacksonville,\N,New York
3708,San Angelo Regional Mathis Field,San Angelo,SJT,Chicago
3709,Calexico International Airport,Calexico,CXL,Los Angeles
3710,Chico Municipal Airport,Chico,CIC,Los Angeles
3711,Burlington International Airport,Burlington,BTV,New York
3712,Jacksonville International Airport,Jacksonville,JAX,New York
3713,Durango La Plata County Airport,Durango,DRO,Denver
3714,Washington Dulles International Airport,Washington,IAD,New York
3715,Easterwood Field,College Station,CLL,Chicago
3716,Felts Field,Spokane,SFF,Los Angeles
3717,General Mitchell International Airport,Milwaukee,MKE,Chicago
3718,Abilene Regional Airport,Abilene,ABI,Chicago
3719,Columbia Regional Airport,Columbia,COU,Chicago
3720,Portland International Airport,Portland,PDX,Los Angeles
3721,Dade Collier Training and Transition Airport,Miami,TNT,New York
3722,Palm Beach International Airport,West Palm Beach,PBI,New York
3723,Fort Worth Meacham International Airport,Fort Worth,FTW,Chicago
3724,Ogdensburg International Airport,Ogdensburg,OGS,New York
3725,Cape Cod Coast Guard Air Station,Falmouth,FMH,New York
3726,Boeing Field King County International Airport,Seattle,BFI,Los Angeles
3727,Lackland Air Force Base,San Antonio,SKF,Chicago
3728,Daniel K Inouye International Airport,Honolulu,HNL,Pacific/Honolulu
3729,Des Moines International Airport,Des Moines,DSM,Chicago
3730,Coastal Carolina Regional Airport,New Bern,EWN,New York
3731,San Diego International Airport,San Diego,SAN,Los Angeles
3732,Monroe Regional Airport,Monroe,MLU,Chicago
3733,Shaw Air Force Base,Sumter,SSC,New York
3734,Ontario International Airport,Ontario,ONT,Los Angeles
3735,Majors Airport,Greenvile,GVT,Chicago
3736,Roswell International Air Center Airport,Roswell,ROW,Denver
3737,Coleman A. Young Municipal Airport,Detroit,DET,New York
3738,Brownsville South Padre Island International Airport,Brownsville,BRO,Chicago
3739,Dothan Regional Airport,Dothan,DHN,Chicago
3740,Cape May County Airport,Wildwood,WWD,New York
3741,Fallon Naval Air Station,Fallon,NFL,Los Angeles
3742,Selfridge Air National Guard Base Airport,Mount Clemens,MTC,New York
3743,Four Corners Regional Airport,Farmington,FMN,Denver
3744,Corpus Christi International Airport,Corpus Christi,CRP,Chicago
3745,Syracuse Hancock International Airport,Syracuse,SYR,New York
3746,Naval Air Station Key West/Boca Chica Field,Key West,NQX,New York
3747,Chicago Midway International Airport,Chicago,MDW,Chicago
3748,Norman Y. Mineta San Jose International Airport,San Jose,SJC,Los Angeles
3749,Lea County Regional Airport,Hobbs,HOB,Denver
3750,Northeast Philadelphia Airport,Philadelphia,PNE,New York
3751,Denver International Airport,Denver,DEN,Denver
3752,Philadelphia International Airport,Philadelphia,PHL,New York
3753,Sioux Gateway Col. Bud Day Field,Sioux City,SUX,Chicago
3754,Middle Georgia Regional Airport,Macon,MCN,New York
3755,Truth Or Consequences Municipal Airport,Truth Or Consequences,TCS,Denver
3756,Palmdale Regional/USAF Plant 42 Airport,Palmdale,PMD,Los Angeles
3757,Randolph Air Force Base,San Antonio,RND,Chicago
3758,El Centro NAF Airport (Vraciu Field),El Centro,NJK,Los Angeles
3759,John Glenn Columbus International Airport,Columbus,CMH,New York
3760,Drake Field,Fayetteville,FYV,Chicago
3761,Henry Post Army Air Field (Fort Sill),Fort Sill,FSI,Chicago
3762,Princeton Municipal Airport,Princeton,\N,Chicago
3763,Wright-Patterson Air Force Base,Dayton,FFO,New York
3764,Edward G. Pitka Sr Airport,Galena,GAL,Anchorage
3765,Chandler Municipal Airport,Chandler,\N,Phoenix
3766,Mineral Wells Airport,Mineral Wells,MWL,Chicago
3767,Mc Connell Air Force Base,Wichita,IAB,Chicago
3768,New Orleans NAS JRB/Alvin Callender Field,New Orleans,NBG,Chicago
3769,Beaufort County Airport,Beaufort,BFT,New York
3770,Texarkana Regional Webb Field,Texarkana,TXK,Chicago
3771,Plattsburgh International Airport,Plattsburgh,PBG,New York
3772,Phillips Army Air Field,Aberdeen,APG,New York
3773,Tucumcari Municipal Airport,Tucumcari,TCC,Denver
3774,Ted Stevens Anchorage International Airport,Anchorage,ANC,Anchorage
3775,Robert Gray  Army Air Field Airport,Killeen,GRK,Chicago
3776,Black Rock Airport,Zuni Pueblo,\N,Denver
3777,Bellingham International Airport,Bellingham,BLI,Los Angeles
3778,Millington-Memphis Airport,Millington,NQA,Chicago
3779,Elkins-Randolph Co-Jennings Randolph Field,Elkins,EKN,New York
3780,Hartford Brainard Airport,Hartford,HFD,New York
3781,North Central State Airport,Smithfield,SFZ,New York
3782,Mobile Regional Airport,Mobile,MOB,Chicago
3783,Moffett Federal Airfield,Mountain View,NUQ,Los Angeles
3784,Santa Fe Municipal Airport,Santa Fe,SAF,Denver
3785,Barking Sands Airport,Barking Sands,BKH,Pacific/Honolulu
3786,Beauregard Regional Airport,Deridder,DRI,Chicago
3787,Bradshaw Army Airfield,Bradshaw Field,BSF,Pacific/Honolulu
3788,Nogales International Airport,Nogales,OLS,Phoenix
3789,Mac Dill Air Force Base,Tampa,MCF,New York
3790,Scott AFB/Midamerica Airport,Belleville,BLV,Chicago
3791,Opa-locka Executive Airport,Miami,OPF,New York
3792,Del Rio International Airport,Del Rio,DRT,Chicago
3793,Southwest Florida International Airport,Fort Myers,RSW,New York
3794,King Salmon Airport,King Salmon,AKN,Anchorage
3795,Muir Army Air Field (Fort Indiantown Gap) Airport,Muir,MUI,New York
3796,Kapalua Airport,Lahania-kapalua,JHM,Pacific/Honolulu
3797,John F Kennedy International Airport,New York,JFK,New York
3798,Homestead ARB Airport,Homestead,HST,New York
3799,Riverside Municipal Airport,Riverside,RAL,Los Angeles
3800,Sherman Army Air Field,Fort Leavenworth,FLV,Chicago
3801,Wallops Flight Facility Airport,Wallops Island,WAL,New York
3802,Holloman Air Force Base,Alamogordo,HMN,Denver
3803,Willow Grove Naval Air Station/Joint Reserve Base,Willow Grove,NXX,New York
3804,Cheyenne Regional Jerry Olson Field,Cheyenne,CYS,Denver
3805,Stockton Metropolitan Airport,Stockton,SCK,Los Angeles
3806,Charleston Air Force Base-International Airport,Charleston,CHS,New York
3807,Reno Tahoe International Airport,Reno,RNO,Los Angeles
3808,Ketchikan International Airport,Ketchikan,KTN,Anchorage
3809,Willow Run Airport,Detroit,YIP,New York
3810,Vandenberg Air Force Base,Lompoc,VBG,Los Angeles
3811,Birmingham-Shuttlesworth International Airport,Birmingham,BHM,Chicago
3812,Lakehurst Maxfield Field Airport,Lakehurst,NEL,New York
3813,Eareckson Air Station,Shemya,SYA,Adak
3814,Nellis Air Force Base,Las Vegas,LSV,Los Angeles
3815,March ARB Airport,Riverside,RIV,Los Angeles
3816,Modesto City Co-Harry Sham Field,Modesto,MOD,Los Angeles
3817,Sacramento International Airport,Sacramento,SMF,Los Angeles
3818,Waukegan National Airport,Chicago,UGN,Chicago
3819,City of Colorado Springs Municipal Airport,Colorado Springs,COS,Denver
3820,Buffalo Niagara International Airport,Buffalo,BUF,New York
3821,Griffing Sandusky Airport,Sandusky,SKY,New York
3822,Snohomish County (Paine Field) Airport,Everett,PAE,Los Angeles
3823,Mountain Home Air Force Base,Mountain Home,MUO,Denver
3824,Cedar City Regional Airport,Cedar City,CDC,Denver
3825,Bradley International Airport,Windsor Locks,BDL,New York
3826,Mc Allen Miller International Airport,Mcallen,MFE,Chicago
3827,Norfolk Naval Station (Chambers Field),Norfolk,NGU,New York
3828,Westover ARB/Metropolitan Airport,Chicopee Falls,CEF,New York
3829,Lubbock Preston Smith International Airport,Lubbock,LBB,Chicago
3830,Chicago O'Hare International Airport,Chicago,ORD,Chicago
3831,Boca Raton Airport,Boca Raton,BCT,New York
3832,Fairbanks International Airport,Fairbanks,FAI,Anchorage
3833,Quantico MCAF /Turner field,Quantico,\N,New York
3834,Cannon Air Force Base,Clovis,CVS,Denver
3835,Kaneohe Bay MCAS (Marion E. Carl Field) Airport,Kaneohe Bay,NGF,Pacific/Honolulu
3836,Offutt Air Force Base,Omaha,OFF,Chicago
3837,Gulkana Airport,Gulkana,GKN,Anchorage
3838,Watertown International Airport,Watertown,ART,New York
3839,Palm Springs International Airport,Palm Springs,PSP,Los Angeles
3840,Rick Husband Amarillo International Airport,Amarillo,AMA,Chicago
3841,Fort Dodge Regional Airport,Fort Dodge,FOD,Chicago
3842,Barksdale Air Force Base,Shreveport,BAD,Chicago
3843,Topeka Regional Airport - Forbes Field,Topeka,FOE,Chicago
3844,Cotulla-La Salle County Airport,Cotulla,COT,Chicago
3845,Wilmington International Airport,Wilmington,ILM,New York
3846,Baton Rouge Metropolitan Airport,Baton Rouge,BTR,Chicago
3847,Meridian Naval Air Station,Meridian,\N,Chicago
3848,Tyler Pounds Regional Airport,Tyler,TYR,Chicago
3849,Baltimore/Washington International Thurgood Marshall Airport,Baltimore,BWI,New York
3850,Hobart Regional Airport,Hobart,HBR,Chicago
3851,Lanai Airport,Lanai,LNY,Pacific/Honolulu
3852,Alexandria International Airport,Alexandria,AEX,Chicago
3853,Condron Army Air Field,White Sands,WSD,Denver
3854,Cold Bay Airport,Cold Bay,CDB,Anchorage
3855,Tulsa International Airport,Tulsa,TUL,Chicago
3856,Sitka Rocky Gutierrez Airport,Sitka,SIT,Anchorage
3857,Long Island Mac Arthur Airport,Islip,ISP,New York
3858,Minneapolis-St Paul International/Wold-Chamberlain Airport,Minneapolis,MSP,Chicago
3859,New Castle Airport,Wilmington,ILG,New York
3860,Unalaska Airport,Unalaska,DUT,Anchorage
3861,Louis Armstrong New Orleans International Airport,New Orleans,MSY,Chicago
3862,Portland International Jetport Airport,Portland,PWM,New York
3863,Will Rogers World Airport,Oklahoma City,OKC,Chicago
3864,Albany International Airport,Albany,ALB,New York
3865,Valdez Pioneer Field,Valdez,VDZ,Anchorage
3866,Langley Air Force Base,Hampton,LFI,New York
3867,John Wayne Airport-Orange County Airport,Santa Ana,SNA,Los Angeles
3868,Columbus Air Force Base,Colombus,CBM,Chicago
3869,Kendall-Tamiami Executive Airport,Kendall-tamiami,TMB,New York
3870,Oceana Naval Air Station,Oceana,NTU,New York
3871,Grissom Air Reserve Base,Peru,GUS,New York
3872,Casper-Natrona County International Airport,Casper,CPR,Denver
3873,Destin-Ft Walton Beach Airport,Valparaiso,VPS,Chicago
3874,Craig Field,Selma,SEM,Chicago
3875,Key West International Airport,Key West,EYW,New York
3876,Charlotte Douglas International Airport,Charlotte,CLT,New York
3877,McCarran International Airport,Las Vegas,LAS,Los Angeles
3878,Orlando International Airport,Orlando,MCO,New York
3879,Florence Regional Airport,Florence,FLO,New York
3880,Great Falls International Airport,Great Falls,GTF,Denver
3881,Youngstown Warren Regional Airport,Youngstown,YNG,New York
3882,Ladd AAF Airfield,Fort Wainwright,FBK,Anchorage
3883,Mc Minnville Municipal Airport,Mackminnville,\N,Los Angeles
3884,Robins Air Force Base,Macon,WRB,New York
3944,Pullman Moscow Regional Airport,Pullman,PUW,Los Angeles
3945,Lewiston Nez Perce County Airport,Lewiston,LWS,Los Angeles
3946,Elmira Corning Regional Airport,Elmira,ELM,New York
3947,Ithaca Tompkins Regional Airport,Ithaca,ITH,New York
3948,Monterey Peninsula Airport,Monterey,MRY,Los Angeles
3949,Santa Barbara Municipal Airport,Santa Barbara,SBA,Los Angeles
3950,Daytona Beach International Airport,Daytona Beach,DAB,New York
3993,Downtown-Manhattan/Wall St Heliport,New York,JRB,New York
4004,Talkeetna Airport,Talkeetna,TKA,Anchorage
4006,Tweed New Haven Airport,New Haven,HVN,New York
4007,Asheville Regional Airport,Asheville,AVL,New York
4008,Piedmont Triad International Airport,Greensboro,GSO,New York
4009,Joe Foss Field Airport,Sioux Falls,FSD,Chicago
4011,Manchester-Boston Regional Airport,Manchester NH,MHT,New York
4012,Naples Municipal Airport,Naples,APF,New York
4014,Louisville International Standiford Field,Louisville,SDF,New York
4015,Charlottesville Albemarle Airport,Charlottesville VA,CHO,New York
4016,Roanoke–Blacksburg Regional Airport,Roanoke VA,ROA,New York
4017,Blue Grass Airport,Lexington KY,LEX,New York
4018,Evansville Regional Airport,Evansville,EVV,Chicago
4019,Albuquerque International Sunport,Albuquerque,ABQ,Denver
4020,Gallatin Field,Bozeman,BZN,Denver
4021,Billings Logan International Airport,Billings,BIL,Denver
4022,Bert Mooney Airport,Butte,BTM,Denver
4023,Cherry Capital Airport,Traverse City,TVC,New York
4025,Hancock County-Bar Harbor Airport,Bar Harbor,BHB,New York
4026,Knox County Regional Airport,Rockland,RKD,New York
4027,Jackson Hole Airport,Jacksn Hole,JAC,Denver
4028,Chicago Rockford International Airport,Rockford,RFD,Chicago
4034,Greenville Spartanburg International Airport,Greenville,GSP,New York
4037,Central Illinois Regional Airport at Bloomington-Normal,Bloomington,BMI,Chicago
4038,Gulfport Biloxi International Airport,Gulfport,GPT,Chicago
4039,Kalamazoo Battle Creek International Airport,Kalamazoo,AZO,New York
4040,Toledo Express Airport,Toledo,TOL,New York
4041,Fort Wayne International Airport,Fort Wayne,FWA,New York
4042,Decatur Airport,Decatur,DEC,Chicago
4043,The Eastern Iowa Airport,Cedar Rapids,CID,Chicago
4044,La Crosse Municipal Airport,La Crosse,LSE,Chicago
4045,Central Wisconsin Airport,Wassau,CWA,Chicago
4046,General Wayne A. Downing Peoria International Airport,Peoria,PIA,Chicago
4047,Appleton International Airport,Appleton,ATW,Chicago
4048,Rochester International Airport,Rochester,RST,Chicago
4049,University of Illinois Willard Airport,Champaign,CMI,Chicago
4050,Manhattan Regional Airport,Manhattan,MHK,Chicago
4058,Venango Regional Airport,Franklin,FKL,New York
4063,Grand Junction Regional Airport,Grand Junction,GJT,Denver
4064,St George Municipal Airport,Saint George,SGU,Denver
4065,David Wayne Hooks Memorial Airport,Houston,DWH,Chicago
4066,Port O'Connor Private Heliport,Port O\'Connor,\N,Chicago
4067,Sarasota Bradenton International Airport,Sarasota,SRQ,New York
4071,Van Nuys Airport,Van Nuys,VNY,Los Angeles
4072,Quad City International Airport,Moline,MLI,Chicago
4073,Panama City-Bay Co International Airport,Panama City,PFN,Chicago
4083,Bismarck Municipal Airport,Bismarck,BIS,Chicago
4084,Telluride Regional Airport,Telluride,TEX,Denver
4087,Rapid City Regional Airport,Rapid City,RAP,Denver
4088,Mc Clellan-Palomar Airport,Carlsbad,CLD,Los Angeles
4089,Bishop International Airport,Flint,FNT,New York
4098,Redding Municipal Airport,Redding,RDD,Los Angeles
4099,Mahlon Sweet Field,Eugene,EUG,Los Angeles
4100,Idaho Falls Regional Airport,Idaho Falls,IDA,Denver
4101,Rogue Valley International Medford Airport,Medford,MFR,Los Angeles
4103,Roberts Field,Redmond-Bend,RDM,Los Angeles
4112,Akron Canton Regional Airport,Akron,CAK,New York
4113,Huntsville International Carl T Jones Field,Huntsville,HSV,Chicago
4114,Mid Ohio Valley Regional Airport,PARKERSBURG,PKB,New York
4115,Montgomery Regional (Dannelly Field) Airport,MONTGOMERY,MGM,Chicago
4116,Tri-Cities Regional TN/VA Airport,BRISTOL,TRI,New York
4117,Barkley Regional Airport,PADUCAH,PAH,Chicago
4124,Page Municipal Airport,Page,PGA,Phoenix
4127,Glacier Park International Airport,Kalispell,FCA,Denver
4128,MBS International Airport,Saginaw,MBS,New York
4129,Greater Binghamton/Edwin A Link field,Binghamton,BGM,New York
4136,Blythe Airport,Blythe,BLH,Los Angeles
4147,Petersburg James A Johnson Airport,Petersburg,PSG,Anchorage
4167,Orlando Sanford International Airport,Sanford,SFB,New York
4169,John Murtha Johnstown Cambria County Airport,Johnstown,JST,New York
4216,Missoula International Airport,Missoula,MSO,Denver
4219,Grand Canyon National Park Airport,Grand Canyon,GCN,Phoenix
4220,Sugar Land Regional Airport,Sugar Land,SGR,Chicago
4222,Centennial Airport,Denver,APA,Denver
4223,Clovis Municipal Airport,Clovis,CVN,Denver
4224,Fort Stockton Pecos County Airport,Fort Stockton,FST,Chicago
4225,Las Vegas Municipal Airport,Las Vegas,LVS,Denver
4226,West Houston Airport,Houston,IWS,Chicago
4227,La Junta Municipal Airport,La Junta,\N,Denver
4228,Las Cruces International Airport,Las Cruces,LRU,Denver
4229,Stephens County Airport,Breckenridge,BKD,Chicago
4230,Draughon Miller Central Texas Regional Airport,Temple,TPL,Chicago
4231,Ozona Municipal Airport,Ozona,OZA,Chicago
4250,Eagle County Regional Airport,Vail,EGE,Denver
4253,Cuyahoga County Airport,Richmond Heights,CGF,New York
4254,Mansfield Lahm Regional Airport,Mansfield,MFD,New York
4255,Columbus Metropolitan Airport,Columbus,CSG,New York
4256,Lawton Fort Sill Regional Airport,Lawton,LAW,Chicago
4257,Northern Colorado Regional Airport,Fort Collins,FNL,Denver
4261,Flagstaff Pulliam Airport,Flagstaff,FLG,Phoenix
4262,Lake Tahoe Airport,South Lake Tahoe,TVL,Los Angeles
4263,Joslin Field Magic Valley Regional Airport,Twin Falls,TWF,Denver
4265,Martha's Vineyard Airport,Vineyard Haven MA,MVY,New York
4268,Concord Municipal Airport,Concord NH,CON,New York
4270,Groton New London Airport,Groton CT,GON,New York
4271,St Cloud Regional Airport,Saint Cloud,STC,Chicago
4273,Golden Triangle Regional Airport,Columbus Mississippi,GTR,Chicago
4275,Bowerman Airport,Hoquiam,HQM,Los Angeles
4276,Erie International Tom Ridge Field,Erie,ERI,New York
4278,Barnstable Municipal Boardman Polando Field,Barnstable,HYA,New York
4280,Sedona Airport,Sedona,SDX,Phoenix
4284,Morgantown Municipal Walter L. Bill Hart Field,Morgantown,MGW,New York
4285,Yeager Airport,Charleston,CRW,New York
4286,Wilkes Barre Scranton International Airport,Scranton,AVP,New York
4287,Bemidji Regional Airport,Bemidji,BJI,Chicago
4292,Hector International Airport,Fargo,FAR,Chicago
4293,Charles B. Wheeler Downtown Airport,Kansas City,MKC,Chicago
4296,Gillette Campbell County Airport,Gillette,GCC,Denver
4298,El Toro Marine Corps Air Station,Santa Ana,NZJ,Los Angeles
4318,University Park Airport,State College Pennsylvania,SCE,New York
4335,Key Field,Meridian,MEI,Chicago
4336,Abraham Lincoln Capital Airport,Springfield,SPI,Chicago
4338,Cortez Municipal Airport,Cortez,CEZ,Denver
4339,Yampa Valley Airport,Hayden,HDN,Denver
4340,Gallup Municipal Airport,Gallup,GUP,Denver
4341,Liberal Mid-America Regional Airport,Liberal,LBL,Chicago
4342,Lamar Municipal Airport,Lamar,LAA,Denver
4343,Renner Field-Goodland Municipal Airport,Goodland,GLD,Denver
4344,Yellowstone Regional Airport,Cody,COD,Denver
4348,Springfield Branson National Airport,Springfield,SGF,Chicago
4354,Joplin Regional Airport,Joplin,JLN,Chicago
4355,Lehigh Valley International Airport,Allentown,ABE,New York
4356,Northwest Arkansas Regional Airport,Bentonville,XNA,Chicago
4359,South Bend Regional Airport,South Bend,SBN,New York
4383,Smith Field,Fort Wayne IN,SMD,New York
4384,California Redwood Coast-Humboldt County Airport,Arcata CA,ACV,Los Angeles
4386,Albert J Ellis Airport,Jacksonville NC,OAJ,New York
4387,Tuscaloosa Regional Airport,Tuscaloosa AL,TCL,Chicago
4388,Dubuque Regional Airport,Dubuque IA,DBQ,Chicago
5714,Aberdeen Regional Airport,Aberdeen,ABR,Chicago
5715,Southwest Georgia Regional Airport,Albany,ABY,New York
5716,Athens Ben Epps Airport,Athens,AHN,New York
5717,Alamogordo White Sands Regional Airport,Alamogordo,ALM,Denver
5718,Waterloo Regional Airport,Waterloo,ALO,Chicago
5719,Walla Walla Regional Airport,Walla Walla,ALW,Los Angeles
5720,Alpena County Regional Airport,Alpena,APN,New York
5721,Watertown Regional Airport,Watertown,ATY,Chicago
5722,Bradford Regional Airport,Bradford,BFD,New York
5723,Western Neb. Rgnl/William B. Heilig Airport,Scottsbluff,BFF,Denver
5724,Raleigh County Memorial Airport,Beckley,BKW,New York
5725,Brunswick Golden Isles Airport,Brunswick,BQK,New York
5726,Southeast Iowa Regional Airport,Burlington,BRL,Chicago
5727,Jack Mc Namara Field Airport,Crescent City,CEC,Los Angeles
5728,Cape Girardeau Regional Airport,Cape Girardeau,CGI,Chicago
5729,Chippewa County International Airport,Sault Ste Marie,CIU,New York
5730,North Central West Virginia Airport,Clarksburg,CKB,New York
5731,William R Fairchild International Airport,Port Angeles,CLM,Los Angeles
5732,Houghton County Memorial Airport,Hancock,CMX,New York
5733,Dodge City Regional Airport,Dodge City,DDC,Chicago
5734,DuBois Regional Airport,Du Bois,DUJ,New York
5735,Chippewa Valley Regional Airport,Eau Claire,EAU,Chicago
5736,Elko Regional Airport,Elko,EKO,Los Angeles
5737,New Bedford Regional Airport,New Bedford,EWB,New York
5738,Fayetteville Regional Grannis Field,Fayetteville,FAY,New York
5739,Wokal Field Glasgow International Airport,Glasgow,GGW,Denver
5740,Central Nebraska Regional Airport,Grand Island,GRI,Chicago
5741,Memorial Field,Hot Springs,HOT,Chicago
5742,Tri-State/Milton J. Ferguson Field,Huntington,HTS,New York
5744,Kirksville Regional Airport,Kirksville,IRK,Chicago
5745,Jamestown Regional Airport,Jamestown,JMS,Chicago
5746,Laramie Regional Airport,Laramie,LAR,Denver
5747,Arnold Palmer Regional Airport,Latrobe,LBE,New York
5748,North Platte Regional Airport Lee Bird Field,North Platte,LBF,Chicago
5749,Lebanon Municipal Airport,Lebanon,LEB,New York
5750,Crater Lake-Klamath Regional Airport,Klamath Falls,LMT,Los Angeles
5751,Lancaster Airport,Lancaster,LNS,New York
5752,Lewistown Municipal Airport,Lewistown,LWT,Denver
5753,Lynchburg Regional Preston Glenn Field,Lynchburg,LYH,New York
5754,Muskegon County Airport,Muskegon,MKG,New York
5755,Frank Wiley Field,Miles City,MLS,Denver
5756,Northwest Alabama Regional Airport,Muscle Shoals,MSL,Chicago
5757,Southwest Oregon Regional Airport,North Bend,OTH,Los Angeles
5758,Owensboro Daviess County Airport,Owensboro,OWB,Chicago
5759,Hattiesburg Laurel Regional Airport,Hattiesburg/Laurel,PIB,Chicago
5760,Pocatello Regional Airport,Pocatello,PIH,Denver
5761,Pierre Regional Airport,Pierre,PIR,Chicago
5762,Pellston Regional Airport of Emmet County Airport,Pellston,PLN,New York
5763,Portsmouth International at Pease Airport,Portsmouth,PSM,New York
5764,Reading Regional Carl A Spaatz Field,Reading,RDG,New York
5765,Rhinelander Oneida County Airport,Rhinelander,RHI,Chicago
5766,Southwest Wyoming Regional Airport,Rock Springs,RKS,Denver
5767,Rutland - Southern Vermont Regional Airport,Rutland,RUT,New York
5768,San Luis County Regional Airport,San Luis Obispo,SBP,Los Angeles
5769,Sheridan County Airport,Sheridan,SHR,Denver
5770,Adirondack Regional Airport,Saranac Lake,SLK,New York
5771,Salina Municipal Airport,Salina,SLN,Chicago
5772,Santa Maria Pub/Capt G Allan Hancock Field,Santa Maria,SMX,Los Angeles
5773,Tupelo Regional Airport,Tupelo,TUP,Chicago
5774,Quincy Regional Baldwin Field,Quincy,UIN,Chicago
5775,Victoria Regional Airport,Victoria,VCT,Chicago
5776,Valdosta Regional Airport,Valdosta,VLD,New York
5777,Worland Municipal Airport,Worland,WRL,Denver
5779,Yakima Air Terminal McAllister Field,Yakima,YKM,Los Angeles
5959,Adak Airport,Adak Island,ADK,Adak
5960,Gustavus Airport,Gustavus,GST,Anchorage
5961,Skagway Airport,Skagway,SGY,Anchorage
5962,Holy Cross Airport,Holy Cross,HCR,Anchorage
5963,Haines Airport,Haines,HNS,Anchorage
5964,Kalskag Airport,Kalskag,KLG,Anchorage
5965,McGrath Airport,Mcgrath,MCG,Anchorage
5966,Mountain Village Airport,Mountain Village,MOU,Anchorage
5967,Aniak Airport,Aniak,ANI,Anchorage
5968,Chevak Airport,Chevak,VAK,Anchorage
5969,Wrangell Airport,Wrangell,WRG,Anchorage
5989,Kalaupapa Airport,Molokai,LUP,Pacific/Honolulu
6126,Aleknagik / New Airport,Aleknagik,WKK,Anchorage
6128,Mercer County Airport,Bluefield,BLF,New York
6130,Mid Delta Regional Airport,Greenville,GLH,Chicago
6133,Tri Cities Airport,Pasco,PSC,Los Angeles
6134,Akutan Seaplane Base,Akutan,KQA,Anchorage
6136,Lopez Island Airport,Lopez,LPS,Los Angeles
6415,Waikoloa Heliport,Waikoloa Village,WKL,Pacific/Honolulu
6426,Worcester Regional Airport,Worcester,ORH,New York
6445,Bremerton National Airport,Bremerton,PWT,Los Angeles
6446,Spencer Municipal Airport,Spencer,SPW,Chicago
6447,Jefferson City Memorial Airport,Jefferson City,JEF,Chicago
6456,Provincetown Municipal Airport,Provincetown,PVC,New York
6481,Fullerton Municipal Airport,Fullerton,FUL,Los Angeles
6482,Concord-Padgett Regional Airport,Concord,USA,New York
6494,Friedman Memorial Airport,Hailey,SUN,Denver
6500,Mason City Municipal Airport,Mason City,MCW,Chicago
6505,Phoenix-Mesa-Gateway Airport,Mesa,AZA,Phoenix
6712,Anaktuvuk Pass Airport,Anaktuvuk Pass,AKP,Anchorage
6713,Anvik Airport,Anvik,ANV,Anchorage
6714,Atqasuk Edward Burnell Sr Memorial Airport,Atqasuk,ATK,Anchorage
6715,Gambell Airport,Gambell,GAM,Anchorage
6716,Hooper Bay Airport,Hooper Bay,HPB,Anchorage
6717,Kaltag Airport,Kaltag,KAL,Anchorage
6718,St Mary's Airport,St Mary's,KSM,Anchorage
6719,Kivalina Airport,Kivalina,KVL,Anchorage
6720,Mekoryuk Airport,Mekoryuk,MYU,Anchorage
6722,Ruby Airport,Ruby,RBY,Anchorage
6723,Shishmaref Airport,Shishmaref,SHH,Anchorage
6724,Savoonga Airport,Savoonga,SVA,Anchorage
6725,Noatak Airport,Noatak,WTK,Anchorage
6729,Arctic Village Airport,Arctic Village,ARC,Anchorage
6736,Port Clarence Coast Guard Station,Port Clarence,KPC,Anchorage
6739,Hagerstown Regional Richard A Henson Field,Hagerstown,HGR,New York
6742,Sand Point Airport,Sand Point,SDP,Anchorage
6755,Deering Airport,Deering,DRG,Anchorage
6763,Igiugig Airport,Igiugig,IGG,Anchorage
6764,New Stuyahok Airport,New Stuyahok,KNW,Anchorage
6765,King Cove Airport,King Cove,KVC,Anchorage
6766,Port Heiden Airport,Port Heiden,PTH,Anchorage
6767,Togiak Airport,Togiak Village,TOG,Anchorage
6800,Delta County Airport,Escanaba,ESC,New York
6803,Yakutat Airport,Yakutat,YAK,Anchorage
6825,Williamson County Regional Airport,Marion,MWA,Chicago
6837,Ford Airport,Iron Mountain,IMT,Chicago
6838,Marquette Airport,Marquette,\N,New York
6839,Allakaket Airport,Allakaket,AET,Anchorage
6844,Michigan City Municipal Airport,Michigan City,MGC,Chicago
6845,Seward Airport,Seward,SWD,Anchorage
6849,Grand Marais Cook County Airport,Grand Marais,GRM,Chicago
6853,Wausau Downtown Airport,Wausau,AUW,Chicago
6871,Delaware County Johnson Field,Muncie,MIE,New York
6873,Purdue University Airport,Lafayette,LAF,New York
6876,Brown County Airport,Georgetown,\N,New York
6877,North Las Vegas Airport,Las Vegas,VGT,Los Angeles
6878,Kenosha Regional Airport,Kenosha,ENW,Chicago
6880,Montrose Regional Airport,Montrose CO,MTJ,Denver
6881,Riverton Regional Airport,Riverton WY,RIW,Denver
6883,Eastern Oregon Regional At Pendleton Airport,Pendleton,PDT,Los Angeles
6909,Wittman Regional Airport,Oshkosh,OSH,Chicago
6916,Pangborn Memorial Airport,Wenatchee,EAT,Los Angeles
6948,NAS Fort Worth JRB/Carswell Field,Dallas,FWH,Chicago
6956,Gary Chicago International Airport,Gary,GYY,Chicago
6957,Brainerd Lakes Regional Airport,Brainerd,BRD,Chicago
6958,Greenbrier Valley Airport,Lewisburg,LWB,New York
6959,Pitt Greenville Airport,Greenville,PGV,New York
6960,Chefornak Airport,Chefornak,CYF,Anchorage
6961,Oxnard Airport,Oxnard,OXR,Los Angeles
6962,Branson Airport,Branson,BKG,Chicago
6968,Schenectady County Airport,Scotia NY,SCH,New York
6989,Northeast Florida Regional Airport,St. Augustine Airport,UST,New York
6992,Charles M. Schulz Sonoma County Airport,Santa Rosa,STS,Los Angeles
6993,Kissimmee Gateway Airport,Kissimmee,ISM,New York
6994,Lake City Gateway Airport,Lake City,LCQ,New York
6995,Deland Municipal Sidney H Taylor Field,DeLand,\N,New York
6996,Haller Airpark,Green Cove Springs,\N,New York
6998,Logan-Cache Airport,Logan,LGU,Denver
6999,Brigham City Regional Airport,Brigham City,BMC,Denver
7000,Malad City Airport,Malad City,\N,Denver
7001,Aspen-Pitkin Co/Sardy Field,Aspen,ASE,Denver
7009,Kerrville Municipal Louis Schreiner Field,Kerrville,ERV,Chicago
7011,Sussex County Airport,Georgetown,GED,New York
7013,Great Bend Municipal Airport,Great Bend,GBD,Chicago
7014,Hays Regional Airport,Hays,HYS,Chicago
7015,Spirit of St Louis Airport,Null,SUS,Chicago
7016,Ely Municipal Airport,Ely,LYU,Chicago
7017,Grand Rapids Itasca Co-Gordon Newstrom field,Grand Rapids MN,GPZ,Chicago
7018,Thief River Falls Regional Airport,Thief River Falls,TVF,Chicago
7019,Eagle River Union Airport,Eagle River,EGV,Chicago
7020,Lakeland-Noble F. Lee Memorial field,Minocqua - Woodruff,ARV,Chicago
7021,Ankeny Regional Airport,Ankeny,\N,Chicago
7023,Corpus Christi Naval Air Station/Truax Field,Corpus Christi,\N,Chicago
7025,Catalina Airport,Catalina Island,AVX,Los Angeles
7026,Mojave Airport,Mojave,MHV,Los Angeles
7035,Hutchinson Municipal Airport,Hutchinson,HUT,Chicago
7042,Rosecrans Memorial Airport,Rosecrans,STJ,Chicago
7048,Volk Field,Camp Douglas,VOK,Chicago
7051,Gunnison Crested Butte Regional Airport,Gunnison,GUC,Denver
7053,Zamperini Field,Torrance,TOA,Los Angeles
7054,Manistee Co Blacker Airport,Manistee,MBL,New York
7056,Charlotte County Airport,Punta Gorda,PGD,New York
7058,Northern Aroostook Regional Airport,Frenchville,WFK,New York
7059,Chautauqua County-Jamestown Airport,Jamestown,JHW,New York
7061,Lake Cumberland Regional Airport,Somerset,SME,New York
7062,Shenandoah Valley Regional Airport,Weyers Cave,SHD,New York
7063,Devils Lake Regional Airport,Devils Lake,DVL,Chicago
7064,Dickinson Theodore Roosevelt Regional Airport,Dickinson,DIK,Denver
7065,Sidney - Richland Regional Airport,Sidney,SDY,Denver
7066,Chadron Municipal Airport,Chadron,CDR,Denver
7067,Alliance Municipal Airport,Alliance,AIA,Denver
7068,Mc Cook Ben Nelson Regional Airport,McCook,MCK,Chicago
7069,The Florida Keys Marathon Airport,Marathon,MTH,New York
7070,Dawson Community Airport,Glendive,GDV,Denver
7071,L M Clayton Airport,Wolf Point,OLF,Denver
7072,Yellowstone Airport,West Yellowstone,WYS,Denver
7073,San Luis Valley Regional Bergman Field,Alamosa,ALS,Denver
7074,Canyonlands Field,Moab,CNY,Denver
7075,Ely Airport Yelland Field,Ely,ELY,Los Angeles
7076,Vernal Regional Airport,Vernal,VEL,Denver
7077,Sierra Blanca Regional Airport,Ruidoso,RUI,Denver
7078,Show Low Regional Airport,Show Low,SOW,Phoenix
7079,McCall Municipal Airport,McCall,MYL,Denver
7080,Lemhi County Airport,Salmon,SMN,Denver
7081,Mammoth Yosemite Airport,Mammoth Lakes,MMH,Los Angeles
7082,Friday Harbor Airport,Friday Harbor,FRD,Los Angeles
7083,Orcas Island Airport,Eastsound,ESD,Los Angeles
7085,Astoria Regional Airport,Astoria,AST,Los Angeles
7086,Newport Municipal Airport,Newport,ONP,Los Angeles
7087,Emmonak Airport,Emmonak,EMK,Anchorage
7088,Unalakleet Airport,Unalakleet,UNK,Anchorage
7089,Ugnu-Kuparuk Airport,Kuparuk,UUK,Anchorage
7090,Shageluk Airport,Shageluk,SHX,Anchorage
7091,Chuathbaluk Airport,Chuathbaluk,CHU,Anchorage
7092,Nuiqsut Airport,Nuiqsut,NUI,Anchorage
7093,Eek Airport,Eek,EEK,Anchorage
7094,Kasigluk Airport,Kasigluk,KUK,Anchorage
7095,Kwethluk Airport,Kwethluk,KWT,Anchorage
7096,Kwigillingok Airport,Kwigillingok,KWK,Anchorage
7097,Marshall Don Hunter Sr Airport,Marshall,MLL,Anchorage
7098,Russian Mission Airport,Russian Mission,RSH,Anchorage
7101,Koliganek Airport,Koliganek,KGK,Anchorage
7103,Manokotak Airport,Manokotak,KMO,Anchorage
7105,Chalkyitsik Airport,Chalkyitsik,CIK,Anchorage
7106,Eagle Airport,Eagle,EAA,Anchorage
7107,Hughes Airport,Hughes,HUS,Anchorage
7108,Huslia Airport,Huslia,HSL,Anchorage
7111,Nulato Airport,Nulato,NUL,Anchorage
7114,Venetie Airport,Venetie,VEE,Anchorage
7115,Beaver Airport,Beaver,WBQ,Anchorage
7116,Central Airport,Central,CEM,Anchorage
7117,Shungnak Airport,Shungnak,SHG,Anchorage
7120,Inyokern Airport,Inyokern,IYK,Los Angeles
7121,Visalia Municipal Airport,Visalia,VIS,Los Angeles
7122,Merced Regional Macready Field,Merced,MCE,Los Angeles
7126,Phoenix Goodyear Airport,Goodyear,GYR,Phoenix
7135,Angoon Seaplane Base,Angoon,AGN,Anchorage
7136,Elfin Cove Seaplane Base,Elfin Cove,ELV,Anchorage
7140,Funter Bay Seaplane Base,Funter Bay,FNR,Anchorage
7142,Hoonah Airport,Hoonah,HNH,Anchorage
7143,Kake Airport,Kake,\N,Anchorage
7146,Metlakatla Seaplane Base,Metakatla,MTM,Anchorage
7148,Hydaburg Seaplane Base,Hydaburg,HYG,Anchorage
7154,Egegik Airport,Egegik,EGX,Anchorage
7157,Perryville Airport,Perryville,KPV,Anchorage
7158,Pilot Point Airport,Pilot Point,PIP,Anchorage
7159,South Naknek Nr 2 Airport,South Naknek,WSN,Anchorage
7160,Akhiok Airport,Akhiok,AKK,Anchorage
7161,Karluk Airport,Karluk,KYK,Anchorage
7162,Larsen Bay Airport,Larsen Bay,KLN,Anchorage
7177,Ambler Airport,Ambler,ABL,Anchorage
7178,Buckland Airport,Buckland,BKC,Anchorage
7179,Bob Baker Memorial Airport,Kiana,IAN,Anchorage
7180,Kobuk Airport,Kobuk,OBU,Anchorage
7181,Robert (Bob) Curtis Memorial Airport,Noorvik,ORV,Anchorage
7182,Selawik Airport,Selawik,WLK,Anchorage
7183,Brevig Mission Airport,Brevig Mission,KTS,Anchorage
7184,Elim Airport,Elim,ELI,Anchorage
7185,Golovin Airport,Golovin,GLV,Anchorage
7186,Teller Airport,Teller,TLA,Anchorage
7187,Wales Airport,Wales,WAA,Anchorage
7188,White Mountain Airport,White Mountain,WMO,Anchorage
7190,Koyuk Alfred Adams Airport,Koyuk,KKA,Anchorage
7191,St Michael Airport,St. Michael,SMK,Anchorage
7192,Shaktoolik Airport,Shaktoolik,SKK,Anchorage
7194,Tin City Long Range Radar Station Airport,Tin City,TNC,Anchorage
7195,Atka Airport,Atka,AKB,Adak
7196,Nikolski Air Station,Nikolski,IKO,Anchorage
7198,Yakataga Airport,Yakataga,CYT,Anchorage
7199,Alakanuk Airport,Alakanuk,AUK,Anchorage
7201,Kipnuk Airport,Kipnuk,KPN,Anchorage
7202,False Pass Airport,False Pass,KFP,Anchorage
7203,Nelson Lagoon Airport,Nelson Lagoon,NLG,Anchorage
7204,Port Moller Airport,Cold Bay,PML,Anchorage
7205,Klawock Airport,Klawock,KLW,Anchorage
7206,Quinhagak Airport,Quinhagak,KWN,Anchorage
7207,Kotlik Airport,Kotlik,KOT,Anchorage
7208,Koyukuk Airport,Koyukuk,KYU,Anchorage
7209,Scammon Bay Airport,Scammon Bay,SCM,Anchorage
7210,Nondalton Airport,Nondalton,NNL,Anchorage
7213,Kongiganak Airport,Kongiganak,KKH,Anchorage
7214,Nikolai Airport,Nikolai,NIB,Anchorage
7217,Akiak Airport,Akiak,AKI,Anchorage
7220,Wainwright Airport,Wainwright,AIN,Anchorage
7233,Chenega Bay Airport,Chenega,NCN,Anchorage
7235,Tok Junction Airport,Tok,TKJ,Anchorage
7236,Circle City /New/ Airport,Circle,IRC,Anchorage
7240,Sleetmute Airport,Sleetmute,SLQ,Anchorage
7242,Healy River Airport,Healy,\N,Anchorage
7244,Klawock Seaplane Base,Klawock,\N,Anchorage
7245,Minchumina Airport,Lake Minchumina,LMA,Anchorage
7246,Manley Hot Springs Airport,Manley Hot Springs,MLY,Anchorage
7415,Eastern WV Regional Airport/Shepherd Field,Martinsburg,MRB,New York
7494,Rock Hill - York County Airport,Rock Hill,RKH,New York
7495,Allegheny County Airport,Pittsburgh,AGC,New York
7496,Cecil Airport,Jacksonville,VQQ,New York
7497,Fulton County Airport Brown Field,Atlanta,FTY,New York
7511,The Ohio State University Airport - Don Scott Field,Columbus,OSU,New York
7513,Addison Airport,Addison,ADS,Chicago
7514,Destin Executive Airport,Destin,DSI,Chicago
7522,Kinston Regional Jetport At Stallings Field,Kinston,ISO,New York
7523,First Flight Airport,Kill Devil Hills,FFA,New York
7579,Provo Municipal Airport,Provo,PVU,Denver
7580,Steamboat Springs Bob Adams Field,Steamboat Springs,SBS,Denver
7581,Delta Municipal Airport,Delta,DTA,Denver
7582,Richfield Municipal Airport,Richfield,\N,Denver
7583,Carbon County Regional/Buck Davis Field,Price,PUC,Denver
7584,Los Alamos Airport,Los Alamos,LAM,Denver
7586,Lake Havasu City Airport,Lake Havasu City,HII,Phoenix
7587,Winslow Lindbergh Regional Airport,Winslow,INW,Phoenix
7588,Douglas Municipal Airport,Douglas,DGL,Phoenix
7621,Bartow Municipal Airport,Bartow,BOW,New York
7629,Livermore Municipal Airport,Livermore,LVK,Los Angeles
7630,Mariposa Yosemite Airport,Mariposa,RMY,Los Angeles
7646,Jacqueline Cochran Regional Airport,Palm Springs,TRM,Los Angeles
7647,Santa Monica Municipal Airport,Santa Monica,SMO,Los Angeles
7648,Bermuda Dunes Airport,Palm Springs,UDD,Los Angeles
7649,Scottsdale Airport,Scottsdale,SCF,Phoenix
7650,Olympia Regional Airport,Olympia,OLM,Los Angeles
7651,Yolo County Davis Woodland Winters Airport,Davis-Woodland-Winters,\N,Los Angeles
7652,Garfield County Regional Airport,Rifle,RIL,Denver
7653,Shively Field,SARATOGA,SAA,Denver
7654,DeKalb Peachtree Airport,Atlanta,PDK,New York
7655,Monroe County Airport,Bloomington,BMG,New York
7656,Witham Field,Stuart,SUA,New York
7657,Morristown Municipal Airport,Morristown,MMU,New York
7658,Napa County Airport,Napa,APC,Los Angeles
7659,Brown Field Municipal Airport,San Diego,SDM,Los Angeles
7662,Venice Municipal Airport,Venice,VNC,New York
7663,Palm Beach County Glades Airport,Pahokee,PHK,New York
7669,Northwest Florida Beaches International Airport,Panama City,ECP,Chicago
7670,San Bernardino International Airport,San Bernardino,SBD,Los Angeles
7683,San Carlos Airport,San Carlos,SQL,Los Angeles
7690,Rocky Mount Wilson Regional Airport,Rocky Mount,RWI,New York
7691,Whittier Airport,Whittier,\N,Anchorage
7692,Soldotna Airport,Soldotna,SXQ,Anchorage
7693,Gillespie Field,El Cajon,SEE,Los Angeles
7694,San Clemente Island Naval Auxiliary Landing Field,San Clemente Island,\N,Los Angeles
7702,Truckee Tahoe Airport,Truckee,TKF,Los Angeles
7712,Cobb County-Mc Collum Field,Atlanta,\N,New York
7716,Dell Flight Strip,Dell,\N,Denver
7717,Mission Field,Livingston-Montana,LVM,Denver
7720,Big Timber Airport,Big Timber,\N,Denver
7721,Tulip City Airport,Holland,\N,New York
7727,Monument Valley Airport,Monument Valley,GMV,Denver
7729,West 30th St. Heliport,New York,JRA,New York
7732,Lakeland Linder International Airport,Lakeland,LAL,New York
7767,Indianola Municipal Airport,New York,\N,Chicago
7769,French Valley Airport,Murrieta-Temecula,RBK,Los Angeles
7775,Carl R Keller Field,Port Clinton,\N,New York
7776,Dayton-Wright Brothers Airport,Dayton,MGY,New York
7777,Richmond Municipal Airport,Richmond,\N,New York
7778,Findlay Airport,Findley,FDY,New York
7809,Black Hills Airport-Clyde Ice Field,Spearfish-South Dakota,SPF,Denver
7817,Olive Branch Airport,Olive Branch,OLV,Chicago
7822,Rocky Mountain Metropolitan Airport,Broomfield-CO,BJC,Denver
7826,Salem Municipal Airport/McNary Field,Salem,SLE,Los Angeles
7827,Tunica Municipal Airport,Tunica,UTM,Chicago
7839,Lawrence J Timmerman Airport,Milwaukee,MWC,Chicago
7840,Southern Wisconsin Regional Airport,Janesville,JVL,Chicago
7846,Arlington Municipal Airport,Arlington,\N,Chicago
7847,Gwinnett County Briscoe Field,Lawrenceville,LZU,New York
7848,Bowling Green Warren County Regional Airport,Bowling Green,BWG,Chicago
7849,Richard Lloyd Jones Jr Airport,Tulsa,RVS,Chicago
7857,Bryce Canyon Airport,Bryce Canyon,BCE,Denver
7859,Burlington Alamance Regional Airport,Burlington,\N,New York
7869,New Century Aircenter Airport,Olathe,JCI,Chicago
7870,Easton Newnam Field,Easton,ESN,New York
7875,Yuba County Airport,Yuba City,MYV,Los Angeles
7880,Halliburton Field,Duncan,DUC,Chicago
7885,Garner Field,Uvalde,UVA,Chicago
7886,Lewis University Airport,Lockport,LOT,Chicago
7888,Buchanan Field,Concord,CCR,Los Angeles
7889,Ocean Reef Club Airport,Ocean Reef Club Airport,OCA,New York
7907,Ohio University Snyder Field,Athens,ATO,New York
7908,Springfield-Beckley Municipal Airport,Springfield,SGH,New York
7925,Philip Billard Municipal Airport,Topeka,TOP,Chicago
7928,Benson Airstrip,Uvalde,\N,Chicago
7929,Rough River State Park Airport,Null,\N,Chicago
7930,Smyrna Airport,Smyrna,MQY,Chicago
7931,Franklin County Airport,Sewanee,UOS,Chicago
7935,Collin County Regional At Mc Kinney Airport,DALLAS,\N,Chicago
7936,Chicago Executive Airport,Chicago-Wheeling,PWK,Chicago
7938,Southwest Washington Regional Airport,Kelso,KLS,Los Angeles
7978,Wilmington Airpark,Wilmington,ILN,New York
7979,Marana Regional Airport,Tucson,AVW,Phoenix
7980,Casa Grande Municipal Airport,Casa Grande,CGZ,Phoenix
7981,Mobile Airport,Mobile,\N,Phoenix
7982,Buckeye Municipal Airport,Buckeye,BXK,Phoenix
7983,Gila Bend Municipal Airport,Gila Bend,\N,Phoenix
7984,McMinn County Airport,Athens,MMI,New York
7985,Sterling Municipal Airport,Sterling,STK,Denver
7986,Rawlins Municipal Airport/Harvey Field,Rawlins,RWL,Denver
7990,Essex County Airport,Caldwell,CDW,New York
7991,Lee C Fine Memorial Airport,Kaiser Lake Ozark,AIZ,Chicago
7998,Thomasville Regional Airport,Thomasville,TVI,New York
7999,Henderson Executive Airport,Henderson,HSH,Los Angeles
8005,Henry Tift Myers Airport,Tifton,TMA,New York
8030,Phoenix Deer Valley Airport,Phoenix ,DVT,Phoenix
8034,Republic Airport,Farmingdale,FRG,New York
8042,South Texas Regional Airport at Hondo,Hondo,\N,Chicago
8050,McKinley National Park Airport,McKinley Park,MCL,Anchorage
8051,Lake Hood Airport,Anchorage,\N,Anchorage
8052,Prospect Creek Airport,Prospect Creek,PPC,Anchorage
8062,Wheeling Ohio County Airport,Wheeling,HLG,New York
8063,Fitzgerald Municipal Airport,Fitzgerald,\N,New York
8077,Aransas County Airport,Rockport,RKP,Chicago
8117,Crisp County Cordele Airport,Cordele,\N,New York
8118,Ormond Beach Municipal Airport,Ormond Beach,\N,New York
8121,Portland Troutdale Airport,Troutdale,TTD,Los Angeles
8122,Portland Hillsboro Airport,Hillsboro,HIO,Los Angeles
8123,One Police Plaza Heliport,New York,\N,New York
8133,Bend Municipal Airport,Bend,\N,Los Angeles
8134,Christmas Valley Airport,Christmas Valley,\N,Los Angeles
8135,Burns Municipal Airport,Burns,BNO,Los Angeles
8136,Prineville Airport,Prineville,PRZ,Los Angeles
8137,Red Bluff Municipal Airport,Red Bluff,RBL,Los Angeles
8138,Marin County Airport - Gnoss Field,Novato,NOT,Los Angeles
8139,Lake County Airport,Lakeview,LKV,Los Angeles
8140,Tillamook Airport,Tillamook,OTK,Los Angeles
8141,Ontario Municipal Airport,Ontario,ONO,Denver
8142,Columbia Gorge Regional the Dalles Municipal Airport,The Dalles,DLS,Los Angeles
8143,Montgomery County Airpark,Gaithersburg,GAI,New York
8162,Charlevoix Municipal Airport,Charelvoix,\N,New York
8182,Flagler Executive Airport,Flagler,\N,New York
8187,Morrisville Stowe State Airport,Morrisville,MVL,New York
8188,Dallas Executive Airport,Dallas,RBD,Chicago
8194,Westerly State Airport,Washington County,WST,New York
8195,Block Island State Airport,Block Island,BID,New York
8199,Nightmute Airport,Nightmute,NME,Anchorage
8200,Toksook Bay Airport,Toksook Bay,OOK,Anchorage
8215,Decatur County Industrial Air Park,Bainbridge,BGE,New York
8219,Silver Springs Airport,Silver Springs,\N,Los Angeles
8220,Whiteman Airport,Los Angeles,WHP,Los Angeles
8221,Madera Municipal Airport,Madera,MAE,Los Angeles
8252,Apalachicola Regional Airport,Apalachicola,AAF,New York
8273,Douglas Municipal Airport,Douglas,\N,New York
8274,St Lucie County International Airport,Fort Pierce,FPR,New York
8276,Taunton Municipal King Field,Taunton,\N,New York
8277,Plymouth Municipal Airport,Plymouth,PYM,New York
8278,Quonset State Airport,North Kingstown,NCO,New York
8280,Norwood Memorial Airport,Norwood,OWD,New York
8281,Westfield-Barnes Regional Airport,Westfield,BAF,New York
8282,Windham Airport,Willimantic,\N,New York
8283,Orange County Airport,Montgomery,MGJ,New York
8284,Capital City Airport,Harrisburg,HAR,New York
8285,Marshfield Municipal George Harlow Field,Marshfield,\N,New York
8286,Danbury Municipal Airport,Danbury,DXR,New York
8287,Boire Field,Nashua,ASH,New York
8288,Lawrence Municipal Airport,Lawrence,LWM,New York
8289,Waterbury Oxford Airport,Oxford,OXC,New York
8290,Fitchburg Municipal Airport,Fitchburg,\N,New York
8291,Earl L. Small Jr. Field/Stockmar Airport,Villa Rica,\N,New York
8292,Cartersville Airport,Cartersville,\N,New York
8293,Centre-Piedmont-Cherokee County Regional Airport,Centre,\N,Chicago
8294,Richard B Russell Airport,Rome,RMG,New York
8295,Northeast Alabama Regional Airport,Gadsden,GAD,Chicago
8296,Knoxville Downtown Island Airport,Knoxville,\N,New York
8297,Barrow County Airport,Winder,WDR,New York
8298,Plantation Airpark,Sylvania,\N,New York
8299,Dalton Municipal Airport,Dalton,DNN,New York
8300,West Georgia Regional O V Gray Field,Carrollton,\N,New York
8302,LaGrange Callaway Airport,LaGrange,LGC,New York
8303,Baldwin County Regional Airport,Milledgeville,\N,New York
8305,Harris County Airport,Pine Mountain,PIM,New York
8306,Peachtree City Falcon Field,Atlanta,\N,New York
8308,Lee Gilmer Memorial Airport,Gainesville,GVL,New York
8312,Harry Clever Field,New Philadelpha,PHD,New York
8313,Darlington County Airport,Darlington,\N,New York
8314,Hilton Head Airport,Hilton Head Island,HHH,New York
8318,Daniel Field,Augusta,DNL,New York
8319,Foothills Regional Airport,Morganton,MRN,New York
8320,Pike County-Hatcher Field,Pikeville,PVL,New York
8321,Mallards Landing Airport,Locust Grove,\N,New York
8322,Toccoa Airport - R.G. Letourneau Field,Toccoa,TOC,New York
8342,Fort Worth Alliance Airport,Fort Worth,AFW,Chicago
8343,East Troy Municipal Airport,East Troy,\N,Chicago
8366,Lawrence Municipal Airport,Lawrence,LWC,Chicago
8367,Wellington Municipal Airport,Wellington,\N,Chicago
8379,Pompano Beach Airpark,Pompano Beach,PPM,New York
8394,Shelby County Airport,Alabaster,\N,Chicago
8397,Sky Ranch At Carefree Airport,Carefree,\N,Phoenix
8409,Indianapolis Metropolitan Airport,Indianapolis,\N,New York
8410,London-Corbin Airport/Magee Field,London,LOZ,New York
8412,Simmons Army Air Field,Fredericksburg,FBG,New York
8430,John H Batten Airport,Racine,RAC,Chicago
8443,Redlands Municipal Airport,Redlands,\N,Los Angeles
8445,Flabob Airport,Riverside,\N,Los Angeles
8446,Tacoma Narrows Airport,Tacoma,TIW,Los Angeles
8460,Jack Edwards Airport,Gulf Shores,GUF,Chicago
8473,Hazleton Municipal Airport,Hazleton,HZL,New York
8474,Greater Cumberland Regional Airport,Cumberland,CBE,New York
8475,Sugar Loaf Shores Airport,Key West,\N,New York
8493,Tri-County Regional Airport,Lone Rock,LNR,Chicago
8494,Price County Airport,Phillips,\N,Chicago
8495,Monroe Municipal Airport,Monroe,\N,Chicago
8496,Joliet Regional Airport,Joliet,JOT,Chicago
8497,Illinois Valley Regional Airport-Walter A Duncan Field,Peru,VYS,Chicago
8499,Jackson County Reynolds Field,Jackson,JXN,New York
8502,Joseph A. Hardy Connellsville Airport,Connellsville,\N,New York
8503,Bedford County Airport,Bedford,\N,New York
8504,Wings Field,Philadelphia,BBX,New York
8505,Okeechobee County Airport,Okeechobee,OBE,New York
8506,Sebring Regional Airport,Sebring,SEF,New York
8507,Avon Park Executive Airport,Avon Park,AVO,New York
8508,Winter Haven Regional Airport - Gilbert Field,Winter Haven,GIF,New York
8509,Zephyrhills Municipal Airport,Zephyrhills,ZPH,New York
8510,Ocala International Airport - Jim Taylor Field,Ocala,OCF,New York
8511,Jesup Wayne County Airport,Jesup,\N,New York
8512,Madison Municipal Airport,Madison,\N,New York
8513,Newnan Coweta County Airport,Newnan,\N,New York
8514,Thomson-McDuffie County Airport,Thomson,\N,New York
8515,Aiken Regional Airport,Aiken,AIK,New York
8516,Woodward Field,Camden,CDN,New York
8517,Lumberton Regional Airport,Lumberton,LBT,New York
8519,Moore County Airport,Pinehurst-Southern Pines,SOP,New York
8520,Richmond County Airport,Rockingham,\N,New York
8524,Baraboo Wisconsin Dells Airport,Baraboo,\N,Chicago
8526,Statesville Regional Airport,Statesville,SVH,New York
8528,Burlington Municipal Airport,Burlington,\N,Chicago
8532,William T. Piper Memorial Airport,Lock Haven,LHV,New York
8538,Zelienople Municipal Airport,Zelienople,\N,New York
8542,Lorain County Regional Airport,Lorain-Elyria,\N,New York
8544,Burke Lakefront Airport,Cleveland,BKL,New York
8545,Chautauqua County-Dunkirk Airport,Dunkirk,DKK,New York
8548,South Jersey Regional Airport,Mount Holly,LLY,New York
8550,Linden Airport,Linden,LDJ,New York
8553,Tri State Steuben County Airport,Angola,ANQ,New York
8555,Warsaw Municipal Airport,Warsaw,\N,New York
8556,Van Wert County Airport,Van Wert,\N,New York
8559,Brooks Field,Marshall,\N,New York
8560,Genesee County Airport,Batavia,\N,New York
8565,Clearwater Air Park,Clearwater,CLW,New York
8593,Chicago Meigs Airport,Chicago,CGX,Chicago
8601,Pickens County Airport,Jasper,\N,New York
8604,Grand Strand Airport,North Myrtle Beach,CRE,New York
8606,Lansing Municipal Airport,Lansing,\N,Chicago
8608,Ramona Airport,Ramona,\N,Los Angeles
8624,Branch County Memorial Airport,Coldwater,\N,New York
8625,Wilkes Barre Wyoming Valley Airport,Wilkes-Barre,WBW,New York
8626,Willoughby Lost Nation Municipal Airport,Willoughby,LNN,New York
8631,Capital City Airport,Frankfort,FFT,New York
8632,Auburn Lewiston Municipal Airport,Lewiston,LEW,New York
8639,Bloyer Field,Tomah,\N,Chicago
8641,Marco Island Executive Airport,Marco Island Airport,MRK,New York
8644,Drummond Island Airport,Drummond Island,DRE,New York
8646,Gladwin Zettel Memorial Airport,Gladwin,GDW,New York
8648,South Haven Area Regional Airport,South Haven,\N,New York
8653,Marshfield Municipal Airport,Marshfield,MFI,Chicago
8654,Alexander Field South Wood County Airport,Wisconsin Rapids,ISW,Chicago
8655,Clinton Municipal Airport,Clinton,CWI,Chicago
8658,Beverly Municipal Airport,Beverly,BVY,New York
8664,Poplar Bluff Municipal Airport,Poplar Bluff,POF,Chicago
8665,Somerset Airport,Somerville,\N,New York
8666,Eastport Municipal Airport,Eastport,\N,New York
8667,Keokuk Municipal Airport,Keokuk,EOK,Chicago
8681,St Paul Downtown Holman Field,St. Paul,STP,Chicago
8693,Oconomowoc Airport,Oconomowoc,\N,Chicago
8706,Butler Co Regional Airport - Hogan Field,Hamilton,HAO,New York
8742,Fond du Lac County Airport,Fond du Lac,FLD,Chicago
8743,Waupaca Municipal Airport,Waupaca,\N,Chicago
8744,Stevens Point Municipal Airport,Stevens Point,STE,Chicago
8747,Luce County Airport,Newberry,\N,New York
8759,Galion Municipal Airport,Galion,GQQ,New York
8763,Clarksville–Montgomery County Regional Airport,Clarksville,CKV,Chicago
8771,Lompoc Airport,Lompoc,LPC,Los Angeles
8772,Chester County G O Carlson Airport,Coatesville,CTH,New York
8777,Lake Placid Airport,Lake Placid,LKP,New York
8784,Lima Allen County Airport,Lima,AOH,New York
8789,Malcolm McKinnon Airport,Brunswick,SSI,New York
8790,Beaver County Airport,Beaver Falls,BFP,New York
8792,Georgetown County Airport,Georgetown,GGE,New York
8793,Hardwick Field,Cleveland,HDI,New York
8796,Renton Municipal Airport,Renton,RNT,Los Angeles
8798,Brackett Field,La Verne,POC,Los Angeles
8801,Cross City Airport,Cross City,CTY,New York
8802,Oconee County Regional Airport,Clemson,CEU,New York
8804,Beech Factory Airport,Wichita,BEC,Chicago
8808,Tom B. David Field,Calhoun,\N,New York
8809,Habersham County Airport,Cornelia,\N,New York
8811,Georgetown Municipal Airport,Georgetown,\N,Chicago
8812,Old Rhinebeck Airport,Rhinebeck,\N,New York
8815,Sidney Municipal-Lloyd W Carr Field,Sidney,SNY,Denver
8824,Kalaeloa Airport,Kapolei,JRF,Pacific/Honolulu
8833,Iosco County Airport,East Tawas,ECA,New York
8834,Madison County Executive Airport-Tom Sharp Jr Field,Huntsville,\N,Chicago
8835,Leesburg Executive Airport,Leesburg,\N,New York
8838,Anoka County-Blaine (Janes Field) Airport,Anoka,\N,Chicago
8850,Williamson Sodus Airport,Williamson,\N,New York
8854,Boulder Municipal Airport,Boulder,WBU,Denver
8864,Palo Alto Airport of Santa Clara County,Palo Alto,PAO,Los Angeles
8869,Falcon Field,Mesa,MSC,Phoenix
8870,Coolidge Municipal Airport,Cooldige,\N,Phoenix
8871,Cottonwood Airport,Cottonwood,\N,Phoenix
8874,Ak-Chin Regional Airport,Phoenix,\N,Phoenix
8875,Wickenburg Municipal Airport,Wickenburg,\N,Phoenix
8877,Oakland County International Airport,Pontiac,PTK,New York
8888,Dillant Hopkins Airport,Keene,EEN,New York
8893,Glasgow Industrial Airport,Glasgow,\N,Denver
8925,Iowa City Municipal Airport,Iowa City,IOW,Chicago
8928,Windom Municipal Airport,Windom,\N,Chicago
8931,Longview Ranch Airport,Longview,\N,Los Angeles
8935,Lee Airport,Annapolis,ANP,New York
8950,Pecos Municipal Airport,Pecos,PEQ,Chicago
8951,Hattiesburg Bobby L Chain Municipal Airport,Hattiesburg,HBG,Chicago
8958,Chan Gurney Municipal Airport,Yankton,YKN,Chicago
8982,Hayward Executive Airport,Hayward,HWD,Los Angeles
8989,Ann Arbor Municipal Airport,Ann Arbor,ARB,New York
9066,Henry County Airport,Hampton,\N,New York
9071,Alameda Naval Air Station,Alameda,NGZ,Los Angeles
9093,Comarapa Airport,Salt Lake City,\N,La Paz
9102,Immokalee Regional Airport,Immokalee ,IMM,New York
9104,Rancho San Simeon Airport,Cambria,\N,Los Angeles
9120,Dinwiddie County Airport,Petersburg,PTB,New York
9126,Sheboygan County Memorial Airport,Sheboygan,SBM,Chicago
9138,Pinal Airpark,Marana,MZJ,Phoenix
9139,Glendale Municipal Airport,Glendale,\N,Phoenix
9140,Safford Regional Airport,Safford,SAD,Phoenix
9164,Sikeston Memorial Municipal Airport,Sikeston,SIK,Chicago
9178,Floyd Bennett Memorial Airport,Queensbury,GFL,New York
9179,Saratoga County Airport,Ballston Spa,\N,New York
9182,Crystal River Airport,Crystal River,\N,New York
9183,Martin State Airport,Baltimore,MTN,New York
9184,Lincoln Regional Karl Harder Field,Lincoln,\N,Los Angeles
9185,Fostoria Metropolitan Airport,Fostoria,\N,New York
9186,Eastern Slopes Regional Airport,Fryeburg,FRY,New York
9187,Coral Creek Airport,Placida,\N,New York
9188,Lakefront Airport,New Orleans,NEW,Chicago
9189,Coeur D'Alene - Pappy Boyington Field,Coeur d'Alene,COE,Los Angeles
9190,Beaumont Municipal Airport,Beaumont,BMT,Chicago
9191,Vermilion Regional Airport,Danville,DNV,Chicago
9199,Space Coast Regional Airport,Titusville,TIX,New York
9225,Andrau Airpark,Houston,AAP,Chicago
9226,Flying Cloud Airport,Eden Prairie,FCM,Chicago
9228,Johnson County Executive Airport,Olathe,OJC,Chicago
9249,Brandywine Airport,West Goshen Township,\N,New York
9251,Manassas Regional Airport/Harry P. Davis Field,Manassas,MNZ,New York
9252,Texas Gulf Coast Regional Airport,Angleton,LJN,Chicago
9305,Shelby County Airport,Shelbyville,\N,Chicago
9348,Enumclaw Airport,Enumclaw,\N,Los Angeles
9387,Port Alsworth Airport,Port alsworth,PTA,Anchorage
9390,Fairfield County Airport,Winnsboro,\N,New York
9396,Skyhaven Airport,Rochester,\N,New York
9399,Newton City-County Airport,Newton,EWK,Chicago
9403,Taszár Air Base,Columbus,TZR,Europe/Budapest
9406,Fort Bridger Airport,Fort Bridger,FBR,Denver
9407,Prosser Airport,Prosser,\N,Los Angeles
9408,Chehalis Centralia Airport,Chehalis,CLS,Los Angeles
9409,Desert Aire Regional Airport,Mattawa,\N,Los Angeles
9411,Evanston-Uinta County Airport-Burns Field,Evanston,EVW,Denver
9412,Sabetha Municipal Airport,Sabetha,\N,Chicago
9413,Mt Pleasant Regional-Faison field,Mount Pleasant,\N,New York
9414,Jimmy Carter Regional Airport,Americus,\N,New York
9415,Weedon Field,Eufala,EUF,Chicago
9416,Saluda County Airport,Saluda,\N,New York
9417,Dare County Regional Airport,Manteo,MEO,New York
9418,Auburn University Regional Airport,Auburn,AUO,Chicago
9419,Tri Cities Airport,Endicott,\N,New York
9428,Bessemer Airport,Bessemer,\N,Chicago
9429,Colorado Springs East Airport,Ellicott,\N,Denver
9447,Crystal Airport,Crystal,\N,Chicago
9448,Clarke County Airport,Quitman,\N,Chicago
9450,W H 'Bud' Barron Airport,Dublin,DBN,New York
9488,Corvallis Municipal Airport,Corvallis,CVO,Los Angeles
9500,El Almendro Airport,Scranton,\N,Santiago
9511,San Agustin Airport,Morristown,\N,Costa Rica
9543,Ogden Hinckley Airport,Ogden,OGD,Denver
9545,Robert S Kerr Airport,Poteau,\N,Chicago
9546,Colorado Plains Regional Airport,Akron,AKO,Denver
9547,Sanderson Field,Shelton,SHN,Los Angeles
9739,Napakiak Airport,Napakiak,WNA,Anchorage
9744,Napaskiak Airport,Napaskiak,PKA,Anchorage
9746,Tok Airport,Tok,\N,Anchorage
9754,Causey Airport,Liberty,\N,New York
9763,Doylestown Airport,Doylestown,DYL,New York
9772,Warren Field,Washington,OCW,New York
9773,Hyde County Airport,Engelhard,\N,New York
9776,Stillwater Regional Airport,Stillwater,SWO,Chicago
9777,Okmulgee Regional Airport,Okmulgee,OKM,Chicago
9778,Cushing Municipal Airport,Cushing,CUH,Chicago
9779,Clinton Sherman Airport,Clinton,CSM,Chicago
9780,Strother Field,Winfield,WLD,Chicago
9781,Wiley Post Airport,Oklahoma City,PWA,Chicago
9782,Shreveport Downtown Airport,Shreveport,DTN,Chicago
9783,Stephenville Clark Regional Airport,Stephenville,SEP,Chicago
9784,Perry Municipal Airport,Perry,\N,Chicago
9786,Hamilton Municipal Airport,Hamilton,\N,Chicago
9787,Ada Regional Airport,Ada,ADT,Chicago
9788,Mesquite Metro Airport,Misquite,\N,Chicago
9789,Denton Municipal Airport,Denton,\N,Chicago
9790,Austin Executive Airport,Austin,\N,Chicago
9791,Lago Vista Tx Rusty Allen Airport,Lago Vista,\N,Chicago
9792,Brenham Municipal Airport,Brenham,\N,Chicago
9793,Lakeway Airpark,Lakeway,\N,Chicago
9794,Iraan Municipal Airport,Iraan,IRB,Chicago
9795,Kestrel Airpark,San Antonio,\N,Chicago
9797,Wilkes County Airport,North Wilkesboro,IKB,New York
9798,Charleston Executive Airport,Charleston,\N,New York
9799,Danville Regional Airport,Danville,DAN,New York
9800,Brookneal/Campbell County Airport,Brookneal,\N,New York
9806,Cheraw Municipal Airport/Lynch Bellinger Field,Cheraw,HCW,New York
9808,Wauchula Municipal Airport,Wuchula,\N,New York
9847,Conway Horry County Airport,Conway,\N,New York
9938,Asheboro Regional Airport,Asheboro,\N,\N
9942,Henderson Field,Wallace,\N,\N
9943,Emporia Greensville Regional Airport,Emporia,\N,\N
10017,San Gabriel Valley Airport,El Monte,EMT,\N
10062,Kee Field,Pineville,\N,\N
10102,Stinson Municipal Airport,Stinson,SSF,\N
10103,Sallisaw Municipal Airport,Sallisaw,\N,\N
10104,Jasper County Airport-Bell Field,Jasper,JAS,\N
10105,El Dorado Springs Memorial Airport,El dorado springs,\N,\N
10106,Marfa Municipal Airport,Marfa,MRF,\N
10107,Alpine Casparis Municipal Airport,Alpine,ALE,\N
10117,Cable Airport,Upland,CCB,\N
10121,Mount Sterling Montgomery County Airport,Mount Sterling,\N,\N
10122,Elkhart Municipal Airport,Elkhart,EKI,\N
10123,Nappanee Municipal Airport,Nappanee ,\N,\N
10128,Jim Hamilton L.B. Owens Airport,Columbia,CUB,\N
10129,Grove Municipal Airport,Grove,\N,\N
10130,Mc Pherson Airport,Mc Pherson,\N,\N
10131,Donaldson Field Airport,Greenville,GDC,\N
10132,Perry Houston County Airport,Perry,\N,\N
10133,Hartsville Regional Airport,Hartsville,HVS,\N
10134,Horace Williams Airport,Chapel Hill,\N,\N
10138,Brunswick County Airport,Oak Island,\N,\N
10139,Chesterfield County Airport,Richmond,\N,\N
10144,Henderson Oxford Airport,Oxford,\N,\N
10145,Leesburg International Airport,Leesburg,LEE,\N
10162,Chino Airport,Chino,CNO,\N
10169,Madison County Airport,London,\N,\N
10185,Paso Robles Municipal Airport,Paso Robles,PRB,\N
10360,Half Moon Bay Airport,Half Moon Bay,HAF,\N
10371,General WM J Fox Airfield,Lancaster,WJF,\N
10831,Person County Airport,Roxboro,\N,\N
11004,Talladega Municipal Airport,Talladega,ASN,\N
11005,Greenville Downtown Airport,Greenville,GMU,\N
11008,Mankato Regional Airport,Mankato,\N,\N
11010,Troy Municipal Airport at N Kenneth Campbell Field,Troy,TOI,\N
11011,Merkel Field Sylacauga Municipal Airport,Sylacauga,\N,\N
11012,Enterprise Municipal Airport,Enterprise,ETS,\N
11017,Ryan Field,Tucson,\N,\N
11022,Thomas C Russell Field,Alexander City,ALX,\N
11035,Meriden Markham Municipal Airport,Meriden,\N,\N
11067,Ridgely Airpark,Ridgely,\N,\N
11068,New Castle Henry Co. Municipal Airport,New Castle,\N,\N
11069,Scott City Municipal Airport,Scott City,\N,\N
11070,Brewster Field,Holdredge,HDE,\N
11071,Pratt Regional Airport,Pratt,PTT,\N
11073,Wahoo Municipal Airport,Wahoo,\N,\N
11074,Jim Kelly Field,Lexington,LXN,\N
11075,Sublette Municipal Airport,Sublette,\N,\N
11076,Council Bluffs Municipal Airport,Council Bluffs,CBF,\N
11077,Kokomo Municipal Airport,Kokomo,OKK,\N
11078,Neodesha Municipal Airport,Neodesha,\N,\N
11079,King Ranch Airport,Sutton,\N,\N
11080,Elkhart Morton County Airport,Elkhart,\N,\N
11081,Front Range Airport,Denver,\N,\N
11082,Galesburg Municipal Airport,Galesburg,GBG,\N
11084,Guymon Municipal Airport,Guymon,GUY,\N
11086,Meade Municipal Airport,Meade,\N,\N
11087,Turkey Mountain Estates Airport,Shell Knob,\N,\N
11088,Ulysses Airport,Ulysses,\N,\N
11089,Flagler Aerial Spraying Inc Airport,Flagler,\N,\N
11090,Independence Municipal Airport,Independence,IDP,\N
11091,Augusta Municipal Airport,Augusta,\N,\N
11092,Larned Pawnee County Airport,Larned,\N,\N
11093,Lampasas Airport,Lampasas,\N,\N
11094,Bay City Municipal Airport,Bay City,BBC,\N
11095,Cox Field,Paris,PRX,\N
11096,Coffeyville Municipal Airport,Coffeyville,CFV,\N
11097,The Farm Airport,Summit,\N,\N
11098,Greeley–Weld County Airport,Greeley,GXY,\N
11099,General Dewitt Spain Airport,Memphis,\N,\N
11100,Oryol Yuzhny Airport,Oakley,OEL,\N
11101,Fremont Municipal Airport,Fremont,FET,\N
11102,La Grande/Union County Airport,La Grande,LGD,\N
11110,Pocono Mountains Municipal Airport,Mount Pocono,MPO,\N
11111,Quakertown Airport,Quakertown,UKT,\N
11131,Banning Municipal Airport,Banning,BNG,\N
11134,Karl Stefan Memorial Airport,Norfolk  Nebraska,OFK,\N
11141,Arlington Municipal Airport,Arlington,\N,\N
11153,Peter O Knight Airport,Tampa,TPF,\N
11243,Montauk Airport,Montauk,MTP,\N
11255,Porter County Municipal Airport,Valparaiso IN,VPZ,\N
11299,Mason County Airport,Ludington,LDM,\N
11312,Reid-Hillview Airport of Santa Clara County,San Jose,RHV,\N
11438,Camarillo Airport,Camarillo - CA,\N,\N
11638,Watsonville Municipal Airport,Watsonville,WVI,\N
11648,Hollister Municipal Airport,Hollister,HLI,\N
11649,Williamsburg Jamestown Airport,Williamsburg,\N,\N
11742,Union County Airport,Marysville,\N,\N
11814,St Louis Regional Airport,Alton/St Louis,ALN,\N
11815,Chandler Field,Alexandria,AXN,\N
11816,Columbus Municipal Airport,Columbus,CLU,\N
11817,Curtis Field,Brady,BBD,\N
11818,Eastern Sierra Regional Airport,Bishop,BIH,\N
11819,Baker City Municipal Airport,Baker City,BKE,\N
11820,Miley Memorial Field,Big Piney,BPI,\N
11821,Ozark Regional Airport,Mountain Home,WMH,\N
11822,W K Kellogg Airport,Battle Creek,BTL,\N
11823,Burley Municipal Airport,Burley,BYI,\N
11824,Northeast Iowa Regional Airport,Charles City,CCY,\N
11825,Chanute Martin Johnson Airport,Chanute,CNU,\N
11826,Jacksonville Executive at Craig Airport,Jacksonville,CRG,\N
11827,Crossville Memorial Whitson Field,Crossville,CSV,\N
11828,Davison Army Air Field,Fort Belvoir,DAA,\N
11829,Barstow Daggett Airport,Daggett,DAG,\N
11830,Deming Municipal Airport,Deming,DMN,\N
11831,Desert Rock Airport,Mercury,DRA,\N
11832,Needles Airport,Needles,EED,\N
11833,Duke Field,Crestview,EGI,\N
11834,Murray Field,Eureka,EKA,\N
11835,San Marcos Regional Airport,San Marcos,\N,\N
11836,Sawyer County Airport,Hayward,HYR,\N
11837,Kimble County Airport,Junction,JCT,\N
11838,Monticello Municipal Ellis Field,Monticello,\N,\N
11839,Derby Field,Lovelock,LOL,\N
11840,Mobridge Municipal Airport,Mobridge,MBG,\N
11841,Mc Comb/Pike County Airport/John E Lewis Field,Mc Comb,MCB,\N
11842,Southern Illinois Airport,Carbondale/Murphysboro,MDH,\N
11843,Mc Entire Joint National Guard Base,Eastover,MMT,\N
11844,Brunswick Executive Airport,Brunswick,NHZ,\N
11845,Naval Station Mayport (Admiral David L. Mcdonald Field),Mayport,NRB,\N
11846,Orangeburg Municipal Airport,Orangeburg,OGB,\N
11847,Columbus Municipal Airport,Columbus,\N,\N
11848,Ottumwa Regional Airport,Ottumwa,OTM,\N
11849,Cairns AAF (Fort Rucker) Air Field,Fort Rucker/Ozark,OZR,\N
11850,Ralph Wenz Field,Pinedale,PWY,\N
11851,Dutchess County Airport,Poughkeepsie,POU,\N
11852,New Richmond Regional Airport,New Richmond,\N,\N
11853,Russell Municipal Airport,Russell,RSL,\N
11854,Redwood Falls Municipal Airport,Redwood Falls,RWF,\N
11855,Salinas Municipal Airport,Salinas,SNS,\N
11856,Sonora Municipal Airport,Sonora,\N,\N
11857,Saline County Regional Airport,Benton,\N,\N
11858,Tonopah Airport,Tonopah,TPH,\N
11859,Aurora State Airport,Aurora,\N,\N
11860,Ukiah Municipal Airport,Ukiah,UKI,\N
11861,University Oxford Airport,Oxford,UOX,\N
11862,Huntsville Regional Airport,Huntsville,HTV,\N
11863,Miller Field,Valentine,VTN,\N
11864,Winnemucca Municipal Airport,Winnemucca,WMC,\N
11865,West Woodward Airport,Woodward,WWR,\N
11866,Cape Canaveral AFS Skid Strip,Cocoa Beach,\N,\N
11867,Homey (Area 51) Airport,Groom Lake,\N,\N
11868,Zanesville Municipal Airport,Zanesville,ZZV,\N
11918,Nenana Municipal Airport,Nenana,ENN,\N
11919,Wasilla Airport,Wasilla,WWA,\N
12185,Tracy Municipal Airport,Tracy,\N,\N
12469,Bolton Field,Columbus,\N,\N
12528,Skagit Regional Airport,Skagit,MVW,\N
12672,Marion County Brown Field,Jasper,APT,\N
12673,Evergreen Regional Airport/Middleton Field,Evergreen,\N,\N
12675,Pryor Field Regional Airport,Decatur,DCU,\N
12676,Glasgow Municipal Airport,Glasgow,GLW,\N
12796,Danielson Airport,Danielson,\N,\N
12856,Clearfield Lawrence Airport,Clearfield,\N,\N
12873,Jasper County Airport,Rensselaer,RNZ,\N
12950,Statesboro Bulloch County Airport,Statesboro,TBR,\N
13016,New Smyrna Beach Municipal Airport,New Smyrna Beach,\N,\N
13018,Las Vegas Helicopters Heliport,Las vegas,\N,\N
13072,Iowa County Airport,MINERAL POINT,\N,\N
13074,West Bend Municipal Airport,WEST BEND,ETB,\N
13075,Gaylord Regional Airport,GAYLORD,GLR,\N
13077,Anderson Municipal Darlington Field,ANDERSON,AID,\N
13080,Prairie Du Chien Municipal Airport,Prairie du Chien,PCD,\N
13098,Air Orlando Heliport,Orlando,\N,\N
13123,Stanly County Airport,Albemarle,\N,\N
13124,Davidson County Airport,Lexington,\N,\N
13126,Windwood Fly-In Resort Airport,Davis,\N,\N
13127,Lathan Strip,Mocksville,\N,\N
13130,Double Eagle II Airport,Albuquerque,\N,\N
13131,Socorro Municipal Airport,Socorro,\N,\N
13135,Bentonville Municipal-Louise M Thaden Field,Bentonville,\N,\N
13137,Blue Ridge Airport,Martinsville,\N,\N
13138,Mount Airy Surry County Airport,Mount Airy,\N,\N
13139,Taos Regional Airport,Taos,TSM,\N
13142,Raton Municipal-Crews Field,Raton,RTN,\N
13144,Rusk County Airport,Ladysmith,\N,\N
13154,Perry Lefors Field,Pampa,PPA,\N
13155,William R. Pogue Municipal Airport,Sand Springs,\N,\N
13156,Marion County Regional Airport,Flippin,FLP,\N
13158,Hutchinson County Airport,Borger,BGD,\N
13189,Santa Ynez Airport,Santa Ynez,SQA,\N
13233,Spartanburg Downtown Memorial Airport,Spartangurg,SPA,\N
13265,Tri-City Airport,Parsons,PPF,\N
13267,Waycross Ware County Airport,Waycross,AYS,\N
13269,Mid-State Regional Airport,Philipsburg,\N,\N
13271,Greater Portsmouth Regional Airport,Portsmouth,PMH,\N
13309,Camilla Mitchell County Airport,Camilla,\N,\N
13336,Clarks Point Airport,Clarks Point,CLP,\N
13354,Sandpoint Airport,Sandpoint,\N,\N
13436,Oakland Troy Airport,Troy,\N,\N
13439,Red Dog Airport,Red Dog,RDB,\N
13551,Frankfort Dow Memorial Field,Frankfort,\N,\N
13552,Cheboygan County Airport,Cheboygan,\N,\N
13607,John C Tune Airport,Nashville,\N,\N
13635,Denali Airport,McKinley Park,\N,\N
13642,Potomac Airpark,Berkeley Springs,\N,\N
13694,Stennis International Airport,Bay St. Louis,\N,\N
13707,Seldovia Airport,Seldovia,SOV,\N
13715,Julian Carroll Airport,Jackson,\N,\N
13716,Beaufort MCAS - Merritt Field,Beaufort,\N,\N
13717,Camp Pendleton MCAS (Munn Field) Airport,Oceanside,\N,\N
13757,Vidalia Regional Airport,Vidalia,VDI,\N
13758,Granbury Regional Airport,Granbury,\N,\N
13759,Oswego County Airport,Fulton,\N,\N
13803,Mitchell Municipal Airport,Mitchell,MHE,\N